word,url,width,height
spectre,http://media3.giphy.com/media/13n5Uvy1Hxo8Uw/200_d.gif,250,170
is,http://media0.giphy.com/media/XJB8C8UHXFSBG/200_d.gif,400,225
haunting,http://media1.giphy.com/media/uhQi7doyodXMs/200_d.gif,500,281
europe,http://media0.giphy.com/media/w3K0P8bDYFV7i/200_d.gif,240,180
communism,http://media0.giphy.com/media/dwLw9DlqI2p1K/200_d.gif,1024,768
all,http://media0.giphy.com/media/1P9TkfMLAXuuY/200_d.gif,289,300
powers,http://media0.giphy.com/media/NoahyHcaylyjC/200_d.gif,310,165
old,http://media0.giphy.com/media/lzd8xQLG9ks8M/200_d.gif,324,200
have,http://media0.giphy.com/media/IaUmOiaquwjU4/200_d.gif,310,275
entered,http://media0.giphy.com/media/11m1Ny28gk7Y8o/200_d.gif,300,280
into,http://media0.giphy.com/media/14oWGhudXABkUE/200_d.gif,320,180
holy,http://media0.giphy.com/media/dfGL1IJvAip2g/200_d.gif,512,288
alliance,http://media2.giphy.com/media/IlXNjKZuZcxeE/200_d.gif,500,260
to,http://media0.giphy.com/media/yegGQEaRjq46Y/200_d.gif,501,351
exorcise,http://media0.giphy.com/media/gI0TDpCRPcz16/200_d.gif,245,245
this,http://media0.giphy.com/media/FGZrnyHBzAExO/200_d.gif,245,245
pope,http://media0.giphy.com/media/PyNxbkVck3NGE/200_d.gif,450,322
tsar,http://media0.giphy.com/media/7IFffVcd01oIw/200_d.gif,320,240
metternich,none,,
guizot,none,,
french,http://media0.giphy.com/media/neN3U6d9p7C80/200_d.gif,810,344
radicals,http://media0.giphy.com/media/AHu7dOP93gSwo/200_d.gif,350,200
german,http://media0.giphy.com/media/J75VxKT6dqzLi/200_d.gif,320,180
police-spies,none,,
where,http://media0.giphy.com/media/Ax5JC0DIz0mtO/200_d.gif,245,138
party,http://media2.giphy.com/media/fJSH43HV8CPQI/200_d.gif,400,319
in,http://media0.giphy.com/media/uOnskxcEiRV0A/200_d.gif,600,338
opposition,http://media0.giphy.com/media/GTWdcRWbRfnWw/200_d.gif,420,237
that,http://media0.giphy.com/media/RmSBMHykhJoac/200_d.gif,350,263
has,http://media0.giphy.com/media/MhBb7NsV5MUgg/200_d.gif,288,199
not,http://media0.giphy.com/media/WtU2tifQAfyms/200_d.gif,296,158
been,http://media0.giphy.com/media/BtLnaaYdMMETK/200_d.gif,521,333
decried,none,,
as,http://media0.giphy.com/media/GybHRMiucF9Ys/200_d.gif,500,281
communistic,none,,
by,http://media0.giphy.com/media/CrEdZ86GGn0o8/200_d.gif,800,600
its,http://media0.giphy.com/media/coIuqdmGe7hKM/200_d.gif,260,146
opponents,http://media0.giphy.com/media/UjIM5yMbVNODu/200_d.gif,213,160
power,http://media0.giphy.com/media/s4quZuY9qkIH6/200_d.gif,400,225
hurled,http://media0.giphy.com/media/11aa0Dj0fpUw0g/200_d.gif,245,245
back,http://media0.giphy.com/media/cFKOusR6hUILu/200_d.gif,354,188
branding,http://media1.giphy.com/media/WqfFXz7phmKAg/200_d.gif,500,500
reproach,none,,
against,http://media0.giphy.com/media/u5fJ9wlxKE3lu/200_d.gif,500,280
more,http://media0.giphy.com/media/ZQDPl01polqDK/200_d.gif,367,275
advanced,http://media0.giphy.com/media/KIivDy1Ss8hnG/200_d.gif,256,138
parties,http://media2.giphy.com/media/fJSH43HV8CPQI/200_d.gif,400,319
well,http://media0.giphy.com/media/fAKVNv93KjY9W/200_d.gif,500,457
reactionary,none,,
adversaries,http://media0.giphy.com/media/1pFCn8iACNRCw/200_d.gif,400,309
two,http://media0.giphy.com/media/6MnVLKU48Nuxi/200_d.gif,500,333
things,http://media0.giphy.com/media/MEx427JcGghXi/200_d.gif,420,530
result,http://media3.giphy.com/media/45g1HcOqTUOKA/200_d.gif,370,227
from,http://media0.giphy.com/media/72UnCE6AFcFBS/200_d.gif,540,300
fact,http://media0.giphy.com/media/cZWM0y3uUd6wg/200_d.gif,456,355
i,http://media0.giphy.com/media/MqHdl0g2cfKCc/200_d.gif,500,375
already,http://media0.giphy.com/media/QtfzOVPuVkOEo/200_d.gif,245,137
acknowledged,http://media0.giphy.com/media/3Hsz203PV0xaw/200_d.gif,500,206
european,http://media3.giphy.com/media/jrD1AZCFaYoBa/200_d.gif,245,147
be,http://media0.giphy.com/media/rlRiMDRtmkk3m/200_d.gif,501,351
itself,http://media0.giphy.com/media/U87tjwulTBG92/200_d.gif,642,361
ii,http://media0.giphy.com/media/E1MTLQN0vFac8/200_d.gif,400,317
it,http://media0.giphy.com/media/11quUfMQwVIoCY/200_d.gif,392,180
high,http://media0.giphy.com/media/Re3FWlcUnLedG/200_d.gif,234,148
time,http://media0.giphy.com/media/VMFvRGcz9C87K/200_d.gif,800,329
communists,http://media0.giphy.com/media/12ahDK9IVBKE4E/200_d.gif,400,300
should,http://media0.giphy.com/media/itszLRxoksfrq/200_d.gif,500,222
openly,http://media0.giphy.com/media/gxp7sI8uXXr68/200_d.gif,500,221
face,http://media0.giphy.com/media/12JcczXH0YW0wg/200_d.gif,320,180
whole,http://media0.giphy.com/media/1215PFxV6m0f5K/200_d.gif,350,224
world,http://media0.giphy.com/media/DtrVgAY8gWRRC/200_d.gif,350,190
publish,http://media0.giphy.com/media/yGk1yTvIbyNMY/200_d.gif,500,281
their,http://media0.giphy.com/media/vaMwoO0nlRlok/200_d.gif,306,197
views,http://media0.giphy.com/media/ctozGeM1XZCw0/200_d.gif,250,141
aims,http://media0.giphy.com/media/Rm89UZhMrBRss/200_d.gif,427,240
tendencies,http://media0.giphy.com/media/sy6doQuUEcMQ8/200_d.gif,500,269
meet,http://media0.giphy.com/media/RTI5in6axJB04/200_d.gif,338,332
nursery,http://media0.giphy.com/media/XLX7nIlG6pq/200_d.gif,720,404
tale,http://media0.giphy.com/media/2lzRktEu60SJy/200_d.gif,360,360
with,http://media0.giphy.com/media/8bRP0RJpTfdC0/200_d.gif,192,341
manifesto,http://media0.giphy.com/media/VdFaiqqMewKNa/200_d.gif,500,600
various,http://media0.giphy.com/media/l4lQ2Xic2GRws/200_d.gif,245,200
nationalities,http://media0.giphy.com/media/NlfWenIky8CiI/200_d.gif,500,352
assembled,http://media0.giphy.com/media/UStwRb2kx6Qo/200_d.gif,320,240
london,http://media0.giphy.com/media/FgTNOoaeMjdja/200_d.gif,500,245
sketched,http://media0.giphy.com/media/UVHOn3gnwq7Bu/200_d.gif,300,147
following,http://media0.giphy.com/media/anURybroTrHz2/200_d.gif,500,281
published,http://media0.giphy.com/media/M0I77gB967pq8/200_d.gif,245,152
english,http://media0.giphy.com/media/CtpGbb7utn61i/200_d.gif,192,144
italian,http://media0.giphy.com/media/k37VXqbF3FNjq/200_d.gif,328,180
flemish,http://media0.giphy.com/media/Te6yqrUrJxhQY/200_d.gif,500,670
danish,http://media0.giphy.com/media/o75no0njthb4Q/200_d.gif,444,250
languages,http://media0.giphy.com/media/6eA9Zh42MyhTW/200_d.gif,391,282
bourgeois,http://media0.giphy.com/media/v6MYBEjErQe40/200_d.gif,245,334
proletarians,none,,
[1],http://media0.giphy.com/media/EgpGbVKp3K956/200_d.gif,500,281
history,http://media0.giphy.com/media/Te6yqrUrJxhQY/200_d.gif,500,670
hitherto,none,,
existing,http://media0.giphy.com/media/z8ok7ppKsQKpq/200_d.gif,320,240
society,http://media0.giphy.com/media/OpBtAKGVsDJPa/200_d.gif,420,350
[2],http://media0.giphy.com/media/EgpGbVKp3K956/200_d.gif,500,281
class,http://media0.giphy.com/media/o8KxrbAvNVW0M/200_d.gif,250,197
struggles,http://media0.giphy.com/media/gpwSbwpGN5sDS/200_d.gif,260,146
freeman,http://media0.giphy.com/media/HGz0dL1cvTZHG/200_d.gif,476,705
slave,http://media0.giphy.com/media/loUivFyEJk3bq/200_d.gif,350,272
patrician,none,,
plebian,none,,
lord,http://media0.giphy.com/media/lFNp7pOTuUavm/200_d.gif,370,370
serf,http://media0.giphy.com/media/A8yWuVpDfatJC/200_d.gif,500,250
guild-master,none,,
[3],http://media0.giphy.com/media/AZ8s9j87oQVvq/200_d.gif,400,225
journeyman,http://media0.giphy.com/media/UlguklyFYGHkI/200_d.gif,500,500
word,http://media0.giphy.com/media/91iaMH4lsjlDO/200_d.gif,320,240
oppressor,http://media3.giphy.com/media/D3waNGeNeBlPW/200_d.gif,900,776
oppressed,http://media1.giphy.com/media/z8ueKUUq1S23u/200_d.gif,245,157
stood,http://media0.giphy.com/media/5yto1G9KwIYow/200_d.gif,250,195
constant,http://media0.giphy.com/media/ZyPGY5gSycMYU/200_d.gif,344,328
one,http://media0.giphy.com/media/N46qE5xwDbJeg/200_d.gif,400,225
another,http://media2.giphy.com/media/12L2pbbtcTxKYo/200_d.gif,500,180
carried,http://media0.giphy.com/media/zJzMKU4dGlNEQ/200_d.gif,280,373
on,http://media0.giphy.com/media/Rl913d2TO2DC0/200_d.gif,344,236
uninterrupted,http://media0.giphy.com/media/sgDewYSaCg0g0/200_d.gif,245,145
now,http://media0.giphy.com/media/pbLsYOls6SygE/200_d.gif,433,386
hidden,http://media0.giphy.com/media/11Hid00JjX2ql2/200_d.gif,310,233
open,http://media0.giphy.com/media/nFwbEM2IinJ7O/200_d.gif,245,245
fight,http://media0.giphy.com/media/Sl1lKFZEI4xgY/200_d.gif,500,251
each,http://media0.giphy.com/media/OyJhCBqW1Wv6g/200_d.gif,245,367
ended,http://media0.giphy.com/media/itszLRxoksfrq/200_d.gif,500,222
either,http://media0.giphy.com/media/jb6IOwMXZjLuE/200_d.gif,499,281
revolutionary,http://media0.giphy.com/media/126dmD9ruNWSPe/200_d.gif,245,138
reconstitution,none,,
at,http://media0.giphy.com/media/digGgjHv7IHEQ/200_d.gif,540,310
large,http://media0.giphy.com/media/EJIFaXV55556M/200_d.gif,358,306
or,http://media0.giphy.com/media/E9aeEzxqPdP3O/200_d.gif,180,240
common,http://media0.giphy.com/media/ZYVmG4DVPB4yc/200_d.gif,500,248
ruin,http://media0.giphy.com/media/q2hzOL5sXgGNa/200_d.gif,460,258
contending,none,,
classes,http://media0.giphy.com/media/odhu1upQGmmNq/200_d.gif,245,220
earlier,http://media0.giphy.com/media/2O9T58fk4xnOg/200_d.gif,500,281
epochs,http://media0.giphy.com/media/HUMF0EpoV78Gs/200_d.gif,500,329
we,http://media0.giphy.com/media/120TIgATXItmik/200_d.gif,400,225
find,http://media0.giphy.com/media/uS04uLfeMJP4A/200_d.gif,500,175
almost,http://media0.giphy.com/media/dQJGJqjiMqsk8/200_d.gif,250,248
everywhere,http://media0.giphy.com/media/HmRlvneztelQk/200_d.gif,323,240
complicated,http://media0.giphy.com/media/114sCn7wiOhY0U/200_d.gif,500,250
arrangement,http://media0.giphy.com/media/UStwRb2kx6Qo/200_d.gif,320,240
orders,http://media0.giphy.com/media/Zn30X8XAI0dQQ/200_d.gif,400,225
manifold,http://media0.giphy.com/media/AvCPKNLbH6FoI/200_d.gif,256,256
gradation,none,,
social,http://media0.giphy.com/media/zAPqZTelZzvyM/200_d.gif,500,500
rank,http://media0.giphy.com/media/yKvkOJUeTPOrm/200_d.gif,260,173
ancient,http://media0.giphy.com/media/hupcJOye3CWm4/200_d.gif,350,322
rome,http://media0.giphy.com/media/jB3pNgI4uiQXm/200_d.gif,444,245
patricians,none,,
knights,http://media0.giphy.com/media/Zt35SkXevwvaE/200_d.gif,350,495
plebians,none,,
slaves,http://media0.giphy.com/media/loUivFyEJk3bq/200_d.gif,350,272
middle,http://media0.giphy.com/media/YN0xPCXFnbD2M/200_d.gif,500,325
ages,http://media0.giphy.com/media/6yOALvsL1yUmI/200_d.gif,245,300
feudal,http://media0.giphy.com/media/22YULiYbvzNYY/200_d.gif,500,375
lords,http://media0.giphy.com/media/lFNp7pOTuUavm/200_d.gif,370,370
vassals,none,,
guild-masters,none,,
journeymen,none,,
apprentices,http://media0.giphy.com/media/DlJPwIiyBR408/200_d.gif,245,188
serfs,http://media0.giphy.com/media/A8yWuVpDfatJC/200_d.gif,500,250
these,http://media0.giphy.com/media/Yjqi9sCClfdde/200_d.gif,320,240
again,http://media0.giphy.com/media/gnPDAcTBY8Ze8/200_d.gif,320,180
subordinate,http://media0.giphy.com/media/1465qAXCqhfDNK/200_d.gif,400,180
gradations,none,,
modern,http://media3.giphy.com/media/nHgqEPvg9rkIg/200_d.gif,300,225
sprouted,http://media0.giphy.com/media/1i5mvOrHUBqRa/200_d.gif,440,313
ruins,http://media0.giphy.com/media/q2hzOL5sXgGNa/200_d.gif,460,258
done,http://media0.giphy.com/media/p71EgeZr4GLPq/200_d.gif,320,180
away,http://media0.giphy.com/media/ScFDFcqMubZgA/200_d.gif,300,225
antagonisms,http://media0.giphy.com/media/MoeJR8ATmIUoM/200_d.gif,450,253
but,http://media0.giphy.com/media/8nrOyIS0wIBGw/200_d.gif,500,148
established,http://media0.giphy.com/media/zGx62c88bCDN6/200_d.gif,245,200
new,http://media0.giphy.com/media/1a6hh1IMvcZck/200_d.gif,400,224
conditions,http://media0.giphy.com/media/YZCRQkIoD2W2Y/200_d.gif,400,235
oppression,http://media0.giphy.com/media/gLNeCmaqamCSA/200_d.gif,350,196
forms,http://media0.giphy.com/media/7DpUfl51YUwN2/200_d.gif,270,267
struggle,http://media0.giphy.com/media/gpwSbwpGN5sDS/200_d.gif,260,146
place,http://media2.giphy.com/media/gm3zIOjEHnjJm/200_d.gif,330,303
ones,http://media0.giphy.com/media/11VmTsQmKXcuac/200_d.gif,408,210
our,http://media0.giphy.com/media/A8ZHyt378BHaM/200_d.gif,564,304
epoch,http://media0.giphy.com/media/HUMF0EpoV78Gs/200_d.gif,500,329
bourgeoisie,none,,
possesses,http://media0.giphy.com/media/b5ufxn85A6j7i/200_d.gif,253,190
however,http://media0.giphy.com/media/psre8Wq1FQ5ri/200_d.gif,300,225
distinct,http://media0.giphy.com/media/bjyoJmSwyyNUs/200_d.gif,489,250
feature,http://media3.giphy.com/media/BDhh1US055uog/200_d.gif,280,296
simplified,http://media0.giphy.com/media/12SejmcuzJ4QKY/200_d.gif,500,600
splitting,http://media0.giphy.com/media/mZ0hdjYUbnZn2/200_d.gif,500,281
up,http://media0.giphy.com/media/aT4QNAdXKwErm/200_d.gif,320,180
great,http://media0.giphy.com/media/y7Ih8ZVGFgXv2/200_d.gif,480,270
hostile,http://media0.giphy.com/media/WZMEjSmReK1Qk/200_d.gif,500,282
camps,http://media0.giphy.com/media/hRhxkg8vJz70c/200_d.gif,260,146
directly,http://media0.giphy.com/media/Flt1KxGoKRWog/200_d.gif,500,500
facing,http://media0.giphy.com/media/3oVTxhpsvavDO/200_d.gif,337,219
other,http://media0.giphy.com/media/XfwvxRdjpxy2k/200_d.gif,500,281
proletariat,none,,
sprang,http://media0.giphy.com/media/khcaqqHM9h3G0/200_d.gif,390,231
chartered,none,,
burghers,none,,
earliest,http://media0.giphy.com/media/cKJnTbqAo0p6E/200_d.gif,500,200
towns,http://media0.giphy.com/media/o1WnwHgUPGbD2/200_d.gif,500,280
burgesses,http://media0.giphy.com/media/wXc5dyajL49gc/200_d.gif,500,244
first,http://media0.giphy.com/media/caXdBCh6UPlpS/200_d.gif,256,192
elements,http://media0.giphy.com/media/lKPFZ1nPKW8c8/200_d.gif,500,206
were,http://media0.giphy.com/media/TDjBV2JYAIXeg/200_d.gif,310,174
developed,http://media0.giphy.com/media/vV0arHQScnxMk/200_d.gif,500,289
discovery,http://media0.giphy.com/media/azyApT2abEt1u/200_d.gif,377,212
america,http://media0.giphy.com/media/sISINstAdRMKQ/200_d.gif,420,217
rounding,http://media0.giphy.com/media/XlErpz3ijbKLe/200_d.gif,242,295
cape,http://media0.giphy.com/media/ZuiX4CT8JmVOw/200_d.gif,450,462
opened,http://media0.giphy.com/media/fdYMfMIJpSytO/200_d.gif,500,365
fresh,http://media0.giphy.com/media/VDUWJe54wJLgc/200_d.gif,707,300
ground,http://media0.giphy.com/media/12qKsHF4WGyDYc/200_d.gif,400,225
for,http://media0.giphy.com/media/1HrAhvRFbjKr6/200_d.gif,337,190
rising,http://media0.giphy.com/media/Q1XdkTTSItfyM/200_d.gif,300,251
east-indian,none,,
chinese,http://media0.giphy.com/media/sdPCg22mV1W7u/200_d.gif,260,146
markets,http://media0.giphy.com/media/wn4gfI5YaAXMQ/200_d.gif,853,480
colonisation,none,,
trade,http://media1.giphy.com/media/XJ2XEPmYNHEWs/200_d.gif,500,212
colonies,http://media0.giphy.com/media/DUVTEcFkglJ4Y/200_d.gif,256,192
increase,http://media0.giphy.com/media/6jihsfgvEZx9m/200_d.gif,500,214
means,http://media2.giphy.com/media/oxtHJvL6UCDvi/200_d.gif,500,220
exchange,http://media2.giphy.com/media/qmJsjUaOEIkKI/200_d.gif,480,396
commodities,http://media2.giphy.com/media/lnPp8iKecXrNe/200_d.gif,500,194
generally,http://media0.giphy.com/media/S8WkhbVPNlcJy/200_d.gif,313,167
gave,http://media0.giphy.com/media/TNlI1kk2OJLEs/200_d.gif,300,200
commerce,http://media0.giphy.com/media/VlQ6BYTht7nTq/200_d.gif,350,319
navigation,http://media0.giphy.com/media/S0USRWcuNSRmU/200_d.gif,500,418
industry,http://media0.giphy.com/media/t3YUrp2v9elLa/200_d.gif,450,171
impulse,http://media0.giphy.com/media/lJiQutUmJwaSQ/200_d.gif,490,215
never,http://media0.giphy.com/media/SXcgjAPQnWOhW/200_d.gif,500,281
before,http://media0.giphy.com/media/oBA7ZwMmVy7pm/200_d.gif,256,192
known,http://media0.giphy.com/media/wlAI7tTsw981G/200_d.gif,400,254
thereby,http://media0.giphy.com/media/1MqP84LhKu4GQ/200_d.gif,500,375
element,http://media0.giphy.com/media/Z47irudLxQqw8/200_d.gif,500,206
tottering,none,,
rapid,http://media0.giphy.com/media/Xr6zTpOLSmbsY/200_d.gif,460,640
development,http://media0.giphy.com/media/mRt9QIdFSFvdC/200_d.gif,500,230
system,http://media0.giphy.com/media/aLaZezuimoEsU/200_d.gif,280,210
which,http://media0.giphy.com/media/zLwbIPZvg3hcc/200_d.gif,294,233
industrial,http://media0.giphy.com/media/gs8tE3tbj9Uk0/200_d.gif,360,360
production,http://media1.giphy.com/media/Sgj9HKdIfyZXy/200_d.gif,499,296
was,http://media0.giphy.com/media/PzzxiNULZbSRW/200_d.gif,371,217
monopolized,none,,
closed,http://media0.giphy.com/media/LJKqGcKIAMU1y/200_d.gif,500,221
guilds,http://media0.giphy.com/media/sdt7fJPn9q2MU/200_d.gif,300,169
no,http://media0.giphy.com/media/j8HXOKONErVp6/200_d.gif,350,197
longer,http://media0.giphy.com/media/N8BejzVtqZiso/200_d.gif,470,262
suffices,http://media0.giphy.com/media/vMkdbTuJzLDlS/200_d.gif,300,201
growing,http://media0.giphy.com/media/ctjI43nP6bBTO/200_d.gif,400,230
wants,http://media0.giphy.com/media/yooiGYxcTuUg0/200_d.gif,320,266
manufacturing,http://media0.giphy.com/media/H1MEZrTnzKmPK/200_d.gif,500,363
took,http://media0.giphy.com/media/UN8h3iCE2obsI/200_d.gif,480,314
pushed,http://media0.giphy.com/media/SUlpLMhmL3Q3u/200_d.gif,349,233
aside,http://media0.giphy.com/media/10Taul4zIVx292/200_d.gif,500,281
division,http://media0.giphy.com/media/VHIgsjsNp8r7O/200_d.gif,305,500
labor,http://media0.giphy.com/media/t3YUrp2v9elLa/200_d.gif,450,171
between,http://media0.giphy.com/media/Os5ghqjD1uIq4/200_d.gif,320,240
different,http://media0.giphy.com/media/MGQLNhnKlPJBu/200_d.gif,400,225
corporate,http://media0.giphy.com/media/iCANtIWRwMWvS/200_d.gif,500,281
vanished,http://media0.giphy.com/media/zc1JNCgBXCa88/200_d.gif,500,340
single,http://media0.giphy.com/media/rVUvL9orXqFi/200_d.gif,250,145
workshop,http://media0.giphy.com/media/1YMRUG3UPO6eA/200_d.gif,320,180
meantime,http://media0.giphy.com/media/5NN2ocLulcVSo/200_d.gif,500,268
kept,http://media0.giphy.com/media/117OHeNnpFyQU/200_d.gif,500,384
ever,http://media0.giphy.com/media/Q36acUKhXYWEU/200_d.gif,245,300
demand,http://media0.giphy.com/media/sZn9IDozfRlGo/200_d.gif,420,350
even,http://media0.giphy.com/media/EQJektLNLcFry/200_d.gif,351,263
manufacturers,http://media0.giphy.com/media/wfSDsPrh0OTiU/200_d.gif,690,200
sufficed,none,,
thereupon,none,,
steam,http://media0.giphy.com/media/1436WFwsK5qXXa/200_d.gif,300,225
machinery,http://media0.giphy.com/media/S35GDqfJeiHwA/200_d.gif,450,180
revolutionized,http://media0.giphy.com/media/105Fa9BoG0nntm/200_d.gif,698,744
manufacture,http://media0.giphy.com/media/vZFVjE7gpzjiw/200_d.gif,400,221
taken,http://media0.giphy.com/media/ZIkvylOzjuXG8/200_d.gif,250,250
giant,http://media0.giphy.com/media/gsLU5m15STHoY/200_d.gif,320,180
millionaires,http://media3.giphy.com/media/NlZkblRs9Y4sU/200_d.gif,450,519
leaders,http://media0.giphy.com/media/kBi6eeVUEw4xO/200_d.gif,480,204
armies,http://media0.giphy.com/media/ikZaSfrRktfAk/200_d.gif,320,180
market,http://media0.giphy.com/media/wn4gfI5YaAXMQ/200_d.gif,853,480
paved,http://media0.giphy.com/media/m3jzJdwFns9kk/200_d.gif,245,175
way,http://media0.giphy.com/media/jxXRawnmmaBGM/200_d.gif,500,288
given,http://media0.giphy.com/media/kQWdjx4mAZevK/200_d.gif,400,194
immense,http://media0.giphy.com/media/GrIJGchwt9mso/200_d.gif,500,287
communication,http://media0.giphy.com/media/W9oSUC3qdhnR6/200_d.gif,172,212
land,http://media0.giphy.com/media/NfrK6dnPjODEQ/200_d.gif,500,114
turn,http://media0.giphy.com/media/2xMcgODfTQccU/200_d.gif,443,222
reacted,http://media0.giphy.com/media/13Qm8ehPbv0mZi/200_d.gif,349,233
extension,http://media0.giphy.com/media/5OFXnQ8tamwhi/200_d.gif,640,360
proportion,http://media0.giphy.com/media/fP33cfbOiH00U/200_d.gif,276,225
railways,http://media0.giphy.com/media/7TRxtxhiwiOlO/200_d.gif,600,400
extended,http://media0.giphy.com/media/EaNX0fjxLAFLa/200_d.gif,246,246
same,http://media0.giphy.com/media/VuJM9y1RPs1RS/200_d.gif,325,436
increased,http://media0.giphy.com/media/XXM29ccPerhxm/200_d.gif,472,361
capital,http://media0.giphy.com/media/EwJXl8SKvN2MM/200_d.gif,320,180
background,http://media0.giphy.com/media/n0MbN0GDoSqK4/200_d.gif,300,600
every,http://media0.giphy.com/media/JGtc3NO6tbYGI/200_d.gif,300,177
handed,http://media0.giphy.com/media/EAFo0jDdYFmmY/200_d.gif,300,169
down,http://media1.giphy.com/media/CMRWlA55AYLpS/200_d.gif,500,270
see,http://media0.giphy.com/media/nYIy3e4n6AAp2/200_d.gif,400,225
therefore,http://media0.giphy.com/media/Awycb03NuzOo0/200_d.gif,245,300
how,http://media0.giphy.com/media/yegGQEaRjq46Y/200_d.gif,501,351
product,http://media0.giphy.com/media/dx7Mh3xrcA6Vq/200_d.gif,300,210
long,http://media0.giphy.com/media/FbPsiH5HTH1Di/200_d.gif,275,255
course,http://media0.giphy.com/media/RWSWxKREvPbKo/200_d.gif,460,334
series,http://media0.giphy.com/media/1hrhORMKYPO9y/200_d.gif,400,226
revolutions,http://media0.giphy.com/media/UDiYKr38WPXZ6/200_d.gif,500,278
modes,http://media0.giphy.com/media/oy1qv5UMDwFH2/200_d.gif,320,218
step,http://media0.giphy.com/media/IA1jHpQHy27YI/200_d.gif,280,210
accompanied,http://media0.giphy.com/media/XwPWqTlyy551S/200_d.gif,500,430
corresponding,http://media1.giphy.com/media/DOyoCmR7sCxHy/200_d.gif,500,500
political,http://media0.giphy.com/media/xDXphovxoLrc4/200_d.gif,500,300
advance,http://media0.giphy.com/media/A6BWyePP3uBEs/200_d.gif,500,257
under,http://media0.giphy.com/media/pe84NK4wz3rz2/200_d.gif,360,360
sway,http://media0.giphy.com/media/2ZMeWCdEpS57q/200_d.gif,500,270
nobility,http://media0.giphy.com/media/VRbRNnGZRNM0o/200_d.gif,245,210
armed,http://media0.giphy.com/media/EK7D0QnesPEWI/200_d.gif,320,246
self-governing,none,,
association,http://media0.giphy.com/media/RbAmK0G8BoGOI/200_d.gif,400,270
medieval,http://media0.giphy.com/media/ekK1tR0HYKPYY/200_d.gif,245,261
commune,none,,
[4],http://media0.giphy.com/media/VaMdXx4MZRjW0/200_d.gif,300,124
here,http://media0.giphy.com/media/roAneQJAPIMjm/200_d.gif,500,213
independent,http://media0.giphy.com/media/bDO4NFhkhGAuI/200_d.gif,400,343
urban,http://media0.giphy.com/media/gPwTVfOAXie4M/200_d.gif,240,180
republic,http://media0.giphy.com/media/u7ZcPNK0WdsdO/200_d.gif,500,356
(as,http://media0.giphy.com/media/GybHRMiucF9Ys/200_d.gif,500,281
italy,http://media0.giphy.com/media/pc8mrxVnU3cDm/200_d.gif,245,310
germany),http://media0.giphy.com/media/C32ismWGbvqYo/200_d.gif,640,360
there,http://media0.giphy.com/media/hj5eocrGJZPZ6/200_d.gif,400,154
taxable,none,,
"""third",http://media0.giphy.com/media/1u9OYndEN4D2U/200_d.gif,400,247
"estate""",http://media0.giphy.com/media/iL0g5f8C9DzdS/200_d.gif,240,180
monarchy,http://media0.giphy.com/media/YsKyiuU7i05Mc/200_d.gif,490,531
france),http://media0.giphy.com/media/Zw4yKKqNmYPug/200_d.gif,400,202
afterward,http://media0.giphy.com/media/sdTyd3K5IltkY/200_d.gif,500,375
period,http://media0.giphy.com/media/IqKCDr0pB3NYs/200_d.gif,360,360
proper,http://media0.giphy.com/media/Ueoag5V5ApW6c/200_d.gif,450,371
serving,http://media0.giphy.com/media/IO6NNyE7mqixa/200_d.gif,640,360
semi-feudal,none,,
absolute,http://media0.giphy.com/media/Ah52ZFuy6hskw/200_d.gif,250,200
counterpoise,none,,
cornerstone,http://media0.giphy.com/media/vRQ395ClZODIs/200_d.gif,600,476
monarchies,http://media0.giphy.com/media/YsKyiuU7i05Mc/200_d.gif,490,531
general,http://media0.giphy.com/media/UIeLsVh8P64G4/200_d.gif,659,427
last,http://media0.giphy.com/media/aPTXkNEBJGjOU/200_d.gif,495,276
since,http://media0.giphy.com/media/110Q15oG5R4qTS/200_d.gif,320,197
establishment,http://media0.giphy.com/media/xGU3qf6wYeV3i/200_d.gif,500,200
conquered,http://media0.giphy.com/media/CCMUhmeAKITM4/200_d.gif,245,160
representative,http://media0.giphy.com/media/DJSPYSuaadvW0/200_d.gif,800,600
state,http://media0.giphy.com/media/13Ik5OUfo2VZoA/200_d.gif,320,180
exclusive,http://media1.giphy.com/media/nh04DQ2fwhItO/200_d.gif,500,250
executive,http://media0.giphy.com/media/yszTTiW8pkdGM/200_d.gif,245,180
committee,http://media0.giphy.com/media/QBl5lLflwO4k8/200_d.gif,245,216
managing,http://media0.giphy.com/media/y2vgfyDCLk5eU/200_d.gif,693,387
affairs,http://media0.giphy.com/media/yNldIEA9XD7TW/200_d.gif,245,131
historically,http://media0.giphy.com/media/12jMgbVwJRQ0ms/200_d.gif,500,282
played,http://media0.giphy.com/media/CDW55CuGbLrgY/200_d.gif,380,225
most,http://media0.giphy.com/media/jkPQbx6eqoLK0/200_d.gif,512,288
part,http://media0.giphy.com/media/HRrxAdtzQ6llC/200_d.gif,240,180
wherever,http://media0.giphy.com/media/ARxsi0YOVsVYA/200_d.gif,500,300
got,http://media0.giphy.com/media/W6vq5qLStzYys/200_d.gif,500,255
upper,http://media0.giphy.com/media/WfY9ltpnZdQRi/200_d.gif,638,339
hand,http://media0.giphy.com/media/iNqgCEGa6iOxG/200_d.gif,300,300
put,http://media0.giphy.com/media/FBdXqfaCWDug0/200_d.gif,233,310
patriarchal,http://media0.giphy.com/media/RWfI6fuoljUGY/200_d.gif,245,185
idyllic,http://media0.giphy.com/media/mrOt78yTim5MY/200_d.gif,500,288
relations,http://media0.giphy.com/media/TRLCf36oqd7YA/200_d.gif,160,160
pitilessly,none,,
torn,http://media0.giphy.com/media/nnyOgIuTaWN3i/200_d.gif,360,241
asunder,http://media0.giphy.com/media/xYT7A85hhRK7e/200_d.gif,500,200
motley,http://media0.giphy.com/media/ikrQDGF4EKdVK/200_d.gif,500,396
ties,http://media0.giphy.com/media/e9e4LSEnvMsNy/200_d.gif,245,245
bound,http://media0.giphy.com/media/z14U5tfFCkdos/200_d.gif,225,300
man,http://media0.giphy.com/media/YFD9e4yh8yPyE/200_d.gif,500,268
his,http://media0.giphy.com/media/UN8h3iCE2obsI/200_d.gif,480,314
"""natural",http://media0.giphy.com/media/myRO25N0NRToI/200_d.gif,352,142
"superiors""",http://media2.giphy.com/media/SMWXq0TDIwOre/200_d.gif,300,167
left,http://media0.giphy.com/media/k5jp6azvasMM0/200_d.gif,352,161
nexus,http://media0.giphy.com/media/nGORYraqtdEKk/200_d.gif,357,300
people,http://media0.giphy.com/media/ALvbVPzXUAjTy/200_d.gif,360,202
than,http://media0.giphy.com/media/1314uIPbCMto8o/200_d.gif,500,490
naked,http://media0.giphy.com/media/qNMZxmWrFQAKY/200_d.gif,500,288
self-interest,http://media0.giphy.com/media/yixnuZNNMnoju/200_d.gif,500,254
callous,http://media0.giphy.com/media/kNE2otiUWU5xe/200_d.gif,500,400
"""cash",http://media0.giphy.com/media/nv78JmGqiebbW/200_d.gif,500,345
"payment""",http://media0.giphy.com/media/tRm2bzN7VROLe/200_d.gif,300,328
drowned,http://media0.giphy.com/media/LdDXlEMzDUw0M/200_d.gif,425,318
out,http://media0.giphy.com/media/Oc6QnxQ5AblIY/200_d.gif,240,180
heavenly,http://media0.giphy.com/media/6BUKn0uoC0dJ6/200_d.gif,477,347
ecstacies,http://media0.giphy.com/media/pRv5IiphQryRq/200_d.gif,320,240
religious,http://media0.giphy.com/media/dXl00a3UWr2CY/200_d.gif,500,335
fervor,http://media0.giphy.com/media/OWQYFAWz8vGvK/200_d.gif,1000,677
chivalrous,http://media0.giphy.com/media/XNgHbkzwvp2W4/200_d.gif,167,350
enthusiasm,http://media3.giphy.com/media/1SjObB0Y07mg0/200_d.gif,250,185
philistine,none,,
sentimentalism,none,,
icy,http://media0.giphy.com/media/7mHWGdB4y64w0/200_d.gif,320,234
water,http://media2.giphy.com/media/ENYBhrUlJL03e/200_d.gif,500,213
egotistical,http://media0.giphy.com/media/VtrsIV49hhwQ/200_d.gif,500,328
calculation,http://media0.giphy.com/media/It3Edp6ZR6hC8/200_d.gif,330,210
resolved,http://media0.giphy.com/media/13YKe07AfbYPfy/200_d.gif,245,135
personal,http://media0.giphy.com/media/ByUIc7cT49tAY/200_d.gif,272,382
worth,http://media0.giphy.com/media/qDAFyto6Jg7V6/200_d.gif,500,271
value,http://media0.giphy.com/media/Jx9kpXgAaFrC8/200_d.gif,429,237
numberless,none,,
indefeasible,none,,
freedoms,http://media0.giphy.com/media/lhuO6zQmWEoHm/200_d.gif,500,341
set,http://media0.giphy.com/media/12qmes6JaKJNAc/200_d.gif,480,270
unconscionable,none,,
freedom,http://media0.giphy.com/media/MyVsme666laKY/200_d.gif,493,277
free,http://media0.giphy.com/media/10kbXpq54BYk24/200_d.gif,400,225
exploitation,http://media0.giphy.com/media/9P7bIFEewRM8U/200_d.gif,511,341
veiled,http://media0.giphy.com/media/dDA24vzvhsL2U/200_d.gif,500,228
illusions,http://media0.giphy.com/media/No6Y6jredtX6U/200_d.gif,370,225
substituted,none,,
shameless,http://media0.giphy.com/media/S1wrG9ayNREC4/200_d.gif,260,146
direct,http://media0.giphy.com/media/jK3rhzBSKPLgs/200_d.gif,500,368
brutal,http://media0.giphy.com/media/11V1CKkhSmr6bS/200_d.gif,320,240
stripped,http://media0.giphy.com/media/qNMZxmWrFQAKY/200_d.gif,500,288
halo,http://media0.giphy.com/media/MB2AQomr4ECyc/200_d.gif,482,271
occupation,http://media0.giphy.com/media/CO4DEBbFvFFLO/200_d.gif,476,316
honored,http://media0.giphy.com/media/SZEp7vUk0n0Ig/200_d.gif,300,170
looked,http://media0.giphy.com/media/4n0ozalf6tjZm/200_d.gif,400,167
reverent,none,,
awe,http://media2.giphy.com/media/9kDR0U4gaguic/200_d.gif,500,700
converted,http://media1.giphy.com/media/ZYNSjd8MQ9QA0/200_d.gif,245,245
physician,http://media0.giphy.com/media/tfWd8sVUAJGGk/200_d.gif,399,224
lawyer,http://media0.giphy.com/media/FFTXfDurVIHqU/200_d.gif,347,239
priest,http://media0.giphy.com/media/KgTkxJypsySaI/200_d.gif,302,214
poet,http://media0.giphy.com/media/heqZBOPJIPvtS/200_d.gif,500,393
science,http://media0.giphy.com/media/4F2kdU1K4gl5S/200_d.gif,500,280
paid,http://media0.giphy.com/media/1E6YLbxazJceA/200_d.gif,450,294
wage,http://media0.giphy.com/media/CUcC8TCG04wso/200_d.gif,250,141
laborers,none,,
family,http://media0.giphy.com/media/sOxlAwsLtVyuc/200_d.gif,500,353
sentimental,http://media0.giphy.com/media/SVB351C0zKJ6o/200_d.gif,245,119
veil,http://media0.giphy.com/media/XjC9WWtU8ocAo/200_d.gif,500,256
reduced,http://media0.giphy.com/media/yOsB1ocHGtw8U/200_d.gif,854,480
relation,http://media0.giphy.com/media/kWDP7et8XzcwU/200_d.gif,160,160
mere,http://media0.giphy.com/media/YFU8csAcUl1DO/200_d.gif,245,160
money,http://media0.giphy.com/media/nv78JmGqiebbW/200_d.gif,500,345
disclosed,none,,
came,http://media0.giphy.com/media/xlkNNlRnW9s9G/200_d.gif,500,211
pass,http://media0.giphy.com/media/YEsxfrxXH6a4/200_d.gif,500,275
display,http://media0.giphy.com/media/mER5jYB2yBOlG/200_d.gif,365,205
vigor,http://media0.giphy.com/media/lOqw1mSfCK1yM/200_d.gif,490,490
reactionaries,none,,
so,http://media0.giphy.com/media/qhNRJ003mPSUM/200_d.gif,450,328
much,http://media0.giphy.com/media/PvFjPCGcxjVaU/200_d.gif,642,321
admire,http://media0.giphy.com/media/lD3tdzpDUXFII/200_d.gif,500,269
found,http://media0.giphy.com/media/YpPni0ytdgFd6/200_d.gif,480,640
fitting,http://media0.giphy.com/media/fdfGGMphvWEJW/200_d.gif,500,381
complement,http://media1.giphy.com/media/14fFMnXo2R07hS/200_d.gif,400,400
slothful,none,,
indolence,none,,
show,http://media0.giphy.com/media/FSfHdI0cAEelO/200_d.gif,550,423
what,http://media0.giphy.com/media/EVqgiH76Jur4Y/200_d.gif,500,213
man's,http://media3.giphy.com/media/ROsmW2YyqK3Be/200_d.gif,500,500
activity,http://media0.giphy.com/media/VvD0R86uhMOc0/200_d.gif,490,244
can,http://media0.giphy.com/media/2A83g1lEoxkqI/200_d.gif,270,180
bring,http://media0.giphy.com/media/ywVEAEyoyzAg8/200_d.gif,320,180
about,http://media0.giphy.com/media/14jXYTd4cm0BJC/200_d.gif,245,220
accomplished,http://media0.giphy.com/media/nTt8gM1LLHdfO/200_d.gif,245,138
wonders,http://media0.giphy.com/media/KiTtI117kJR1S/200_d.gif,289,175
far,http://media0.giphy.com/media/cvQfj3pRZ1Hig/200_d.gif,350,197
surpassing,none,,
egyptian,http://media0.giphy.com/media/tT22W8uPvH8ty/200_d.gif,245,175
pyramids,http://media0.giphy.com/media/fAu6HsDw0HzNK/200_d.gif,500,308
roman,http://media0.giphy.com/media/kpBHu7IC0RVx6/200_d.gif,480,270
aqueducts,none,,
gothic,http://media0.giphy.com/media/F0x3SNCpYT3Fu/200_d.gif,320,240
cathedrals,http://media0.giphy.com/media/UPmyu7Kszqbks/200_d.gif,384,288
conducted,http://media2.giphy.com/media/xzHB9yePs5vs4/200_d.gif,320,240
expeditions,http://media0.giphy.com/media/TvaeTOP0yZ3kA/200_d.gif,700,394
shade,http://media0.giphy.com/media/vIvcsMp6PEnKg/200_d.gif,240,180
former,http://media0.giphy.com/media/gM2Q0NN5nxOYE/200_d.gif,400,238
exoduses,none,,
nations,http://media0.giphy.com/media/RMZdcAZMfrYA0/200_d.gif,500,185
crusades,http://media0.giphy.com/media/BQuVprfa5CDCg/200_d.gif,288,216
cannot,http://media0.giphy.com/media/92hKx8Ck5Uqcw/200_d.gif,160,160
exist,http://media0.giphy.com/media/1BdQv4UvM1ChO/200_d.gif,379,295
without,http://media0.giphy.com/media/NRNT8nZuAPHYA/200_d.gif,500,211
constantly,http://media0.giphy.com/media/svV5XflWVP6ec/200_d.gif,245,155
revolutionizing,http://media0.giphy.com/media/qCZK9f5ozP8as/200_d.gif,350,450
instruments,http://media0.giphy.com/media/12qlkcT6qLwY9O/200_d.gif,260,146
them,http://media0.giphy.com/media/AvRoPqOXYMeic/200_d.gif,480,480
conservation,http://media3.giphy.com/media/cJvsEPCneWASI/200_d.gif,500,700
unaltered,http://media0.giphy.com/media/1BTZ3z5NZXz3y/200_d.gif,160,326
form,http://media0.giphy.com/media/7DpUfl51YUwN2/200_d.gif,270,267
contrary,http://media0.giphy.com/media/fI3aTAUziFM7m/200_d.gif,467,306
condition,http://media0.giphy.com/media/YZCRQkIoD2W2Y/200_d.gif,400,235
existence,http://media0.giphy.com/media/6e1FrNAEEmWQM/200_d.gif,256,169
disturbance,http://media0.giphy.com/media/Y0WgkFBNJ9YZy/200_d.gif,261,166
everlasting,http://media0.giphy.com/media/CllGKmLQO4Gpa/200_d.gif,621,934
uncertainty,http://media0.giphy.com/media/nYnkXAouV1s7m/200_d.gif,500,270
agitation,http://media0.giphy.com/media/iSpLYoqdYPuuY/200_d.gif,219,250
distinguish,http://media0.giphy.com/media/eSpgSr4KFy1nG/200_d.gif,500,281
fixed,http://media0.giphy.com/media/Is51uQxnITrSo/200_d.gif,269,172
fast,http://media0.giphy.com/media/JVq6IC1COyIbm/200_d.gif,480,270
frozen,http://media0.giphy.com/media/Dn67T5HvMpPeU/200_d.gif,245,180
train,http://media0.giphy.com/media/nUfsiyrwV1lGU/200_d.gif,397,232
venerable,http://media0.giphy.com/media/76vDciJ6gngcg/200_d.gif,500,700
prejudices,http://media0.giphy.com/media/RwGC94Qw82Z6E/200_d.gif,245,104
opinions,http://media0.giphy.com/media/6DrGUWgh4DvUc/200_d.gif,391,227
are,http://media0.giphy.com/media/lnjg4f3n3IIFO/200_d.gif,480,360
swept,http://media0.giphy.com/media/VDKPy1jAdOjE4/200_d.gif,360,240
new-formed,http://media0.giphy.com/media/6UKGcSESlBVzW/200_d.gif,500,250
become,http://media0.giphy.com/media/3vnYb9nUqdIo8/200_d.gif,250,188
antiquated,http://media0.giphy.com/media/Z0YiblD8mtDDW/200_d.gif,400,400
they,http://media0.giphy.com/media/Fl43XS0buhcbK/200_d.gif,245,145
ossify,none,,
solid,http://media0.giphy.com/media/L4mBGXzyDWpck/200_d.gif,240,180
melts,http://media0.giphy.com/media/nBQV4mqylsVH2/200_d.gif,500,245
air,http://media0.giphy.com/media/y2kg1MNfxBMwU/200_d.gif,333,187
profaned,none,,
compelled,http://media0.giphy.com/media/HXjbZa6Gg6OxG/200_d.gif,352,264
sober,http://media0.giphy.com/media/M7QxTqMxL9mO4/200_d.gif,301,166
senses,http://media0.giphy.com/media/ZYVmG4DVPB4yc/200_d.gif,500,248
real,http://media0.giphy.com/media/CEHUKyDVYIFXi/200_d.gif,150,158
life,http://media0.giphy.com/media/suc6KRfHfuofu/200_d.gif,500,280
kind,http://media0.giphy.com/media/XLHfi5YahyC0E/200_d.gif,325,182
need,http://media0.giphy.com/media/V9Guxy0AGESOI/200_d.gif,320,180
expanding,http://media0.giphy.com/media/g6VsROfiKrP6U/200_d.gif,300,169
products,http://media0.giphy.com/media/dx7Mh3xrcA6Vq/200_d.gif,300,210
chases,http://media0.giphy.com/media/KsWlELRm6GhI4/200_d.gif,314,203
over,http://media0.giphy.com/media/qOMDosJkQcULu/200_d.gif,400,250
entire,http://media0.giphy.com/media/WbPRoHFooJp7i/200_d.gif,287,243
surface,http://media0.giphy.com/media/elGC957QusUP6/200_d.gif,600,338
globe,http://media0.giphy.com/media/2MhJb4CuNBU64/200_d.gif,400,240
must,http://media0.giphy.com/media/lHU8KpkTN2mBi/200_d.gif,399,239
nestle,http://media0.giphy.com/media/ONS1AgeaF5SuY/200_d.gif,500,333
settle,http://media0.giphy.com/media/inQkvxmPYqVmU/200_d.gif,500,270
establish,http://media0.giphy.com/media/5h9EHCvA0OR2/200_d.gif,250,158
connections,http://media0.giphy.com/media/i5BbFGNxoch68/200_d.gif,375,281
through,http://media0.giphy.com/media/7meqNoXkIFHzy/200_d.gif,245,160
cosmopolitan,http://media0.giphy.com/media/A7I27jjm2jlzG/200_d.gif,500,210
character,http://media0.giphy.com/media/nFwbEM2IinJ7O/200_d.gif,245,245
consumption,http://media0.giphy.com/media/QvwyBLTypt1q8/200_d.gif,320,180
country,http://media0.giphy.com/media/50sWQ4dz61Mcw/200_d.gif,320,180
chagrin,http://media0.giphy.com/media/QKhQZE4I95ofm/200_d.gif,400,225
drawn,http://media0.giphy.com/media/voHiYnjDKMzzW/200_d.gif,500,640
feet,http://media0.giphy.com/media/GlMkBAztWoVBC/200_d.gif,608,395
national,http://media0.giphy.com/media/1ZyGbY8yDNpVC/200_d.gif,400,300
old-established,http://media0.giphy.com/media/r0aXSg7rOVeta/200_d.gif,500,282
industries,http://media0.giphy.com/media/VNXRzHiaZIvm/200_d.gif,320,184
destroyed,http://media0.giphy.com/media/RpzTThWrLyq8E/200_d.gif,300,180
daily,http://media0.giphy.com/media/10Zv60DUnyWewo/200_d.gif,500,281
being,http://media0.giphy.com/media/9RzdTj647JJEk/200_d.gif,500,249
dislodged,http://media0.giphy.com/media/W7pZtSnc7Ante/200_d.gif,500,269
whose,http://media0.giphy.com/media/le0h3jpFsf6Jq/200_d.gif,245,260
introduction,http://media0.giphy.com/media/de9Xv0yom3bW0/200_d.gif,245,165
becomes,http://media0.giphy.com/media/3vnYb9nUqdIo8/200_d.gif,250,188
death,http://media2.giphy.com/media/mfvgNgylq1DZC/200_d.gif,480,270
question,http://media0.giphy.com/media/rcg2gEGzrLmq4/200_d.gif,512,384
civilized,http://media0.giphy.com/media/XBccusaZiVgY0/200_d.gif,224,286
work,http://media0.giphy.com/media/t3YUrp2v9elLa/200_d.gif,450,171
indigenous,http://media0.giphy.com/media/iWJhyFjCFxpzq/200_d.gif,670,750
raw,http://media0.giphy.com/media/CyhrX1UYeXSFO/200_d.gif,470,282
material,http://media0.giphy.com/media/7VbzLiqzcCIM0/200_d.gif,500,333
remotest,none,,
zones,http://media0.giphy.com/media/Witx991Du1ico/200_d.gif,269,185
consumed,http://media0.giphy.com/media/qBzBEK8ynIDU4/200_d.gif,250,196
only,http://media0.giphy.com/media/6VWIDMjjTrpvy/200_d.gif,293,310
home,http://media0.giphy.com/media/72nVKvXQ3ni24/200_d.gif,320,240
quarter,http://media0.giphy.com/media/XZ8QyQ8wayS6A/200_d.gif,450,398
satisfied,http://media2.giphy.com/media/33UbGsRWIZhkc/200_d.gif,250,200
requiring,http://media0.giphy.com/media/ktkCb2b8I06e4/200_d.gif,355,200
satisfaction,http://media0.giphy.com/media/bAztq3zI1fzO0/200_d.gif,450,335
distant,http://media0.giphy.com/media/h37RZSg830CpG/200_d.gif,254,145
lands,http://media0.giphy.com/media/NfrK6dnPjODEQ/200_d.gif,500,114
climes,none,,
local,http://media0.giphy.com/media/KF0mhAhlcpNQc/200_d.gif,269,180
seclusion,http://media0.giphy.com/media/1QPMLQMzinxa8/200_d.gif,500,250
self-sufficiency,none,,
intercourse,http://media3.giphy.com/media/YeK1JoH94NIRy/200_d.gif,499,281
direction,http://media0.giphy.com/media/hGdauSkwsXDmE/200_d.gif,500,250
universal,http://media0.giphy.com/media/W4QPHWcpFo4pO/200_d.gif,475,359
inter-dependence,none,,
also,http://media0.giphy.com/media/tNIrrK1rWktry/200_d.gif,440,240
intellectual,http://media0.giphy.com/media/uBmTfTxCL5CHS/200_d.gif,500,254
creations,http://media0.giphy.com/media/sW2LFf5O1Eyha/200_d.gif,702,481
individual,http://media0.giphy.com/media/BpOTvvAdtqMKY/200_d.gif,500,230
property,http://media0.giphy.com/media/Ug1WijiTcpAqc/200_d.gif,320,180
one-sidedness,none,,
narrow-mindedness,none,,
impossible,http://media0.giphy.com/media/U2S8iWlB37PLW/200_d.gif,640,352
numerous,http://media0.giphy.com/media/fIzkTOWFXTHwY/200_d.gif,640,272
literatures,http://media0.giphy.com/media/13KxJUpXpePq0M/200_d.gif,320,240
arises,http://media0.giphy.com/media/bece0LcObODx6/200_d.gif,400,225
literature,http://media0.giphy.com/media/13KxJUpXpePq0M/200_d.gif,320,240
improvement,http://media0.giphy.com/media/RsiyU8LRenBWo/200_d.gif,1500,844
immensely,http://media2.giphy.com/media/PATw464L4E8A8/200_d.gif,245,169
facilitated,none,,
draws,http://media0.giphy.com/media/sRi2lt6IZcxHy/200_d.gif,500,243
barbarian,http://media0.giphy.com/media/d7Jgpfss3Hyj6/200_d.gif,320,213
civilization,http://media0.giphy.com/media/SF2nGC56JG5gc/200_d.gif,500,239
cheap,http://media0.giphy.com/media/An5xJ7jnkgNpe/200_d.gif,450,246
prices,http://media0.giphy.com/media/C5qs1Uv9GOybu/200_d.gif,320,240
heavy,http://media0.giphy.com/media/jKAYRhJ5kylKU/200_d.gif,650,489
artillery,http://media0.giphy.com/media/q9P72PuKiDQFq/200_d.gif,260,195
forces,http://media0.giphy.com/media/g5P8NdUFOJrHi/200_d.gif,275,206
barbarians',http://media0.giphy.com/media/d7Jgpfss3Hyj6/200_d.gif,320,213
intensely,http://media0.giphy.com/media/9JLskFrU4rRPG/200_d.gif,245,245
obstinate,http://media0.giphy.com/media/10s8qVbH57H9cY/200_d.gif,250,159
hatred,http://media0.giphy.com/media/tlBik5nuDi0zC/200_d.gif,500,309
foreigners,http://media0.giphy.com/media/a4BbCL1UU8aR2/200_d.gif,320,200
capitulate,none,,
compels,http://media0.giphy.com/media/e96v8VbEaMTfy/200_d.gif,480,360
pain,http://media0.giphy.com/media/FmwFx4cyvv0pW/200_d.gif,480,360
extinction,http://media3.giphy.com/media/XDSr476OM0Cje/200_d.gif,500,213
adopt,http://media3.giphy.com/media/Vi1YAP4jJen4I/200_d.gif,333,265
mode,http://media0.giphy.com/media/oy1qv5UMDwFH2/200_d.gif,320,218
introduce,http://media0.giphy.com/media/8HibXzWU8lNXq/200_d.gif,261,250
calls,http://media0.giphy.com/media/JoP6wkyWQMMGk/200_d.gif,400,300
midst,http://media0.giphy.com/media/142qqsw225RWda/200_d.gif,411,358
e,http://media0.giphy.com/media/ERCo0CwcpjBZK/200_d.gif,240,180
themselves,http://media0.giphy.com/media/gofTmzx2xcgLK/200_d.gif,500,350
creates,http://media0.giphy.com/media/Vxdp8pdQRwh0I/200_d.gif,250,250
after,http://media0.giphy.com/media/zcg7jtsrlpc8U/200_d.gif,492,360
own,http://media0.giphy.com/media/OBjDZTwk2QFk4/200_d.gif,291,170
image,http://media0.giphy.com/media/f4tIz4JnEGCk/200_d.gif,214,175
subjected,none,,
rule,http://media0.giphy.com/media/WdVcjpA8CZz2/200_d.gif,383,287
created,http://media0.giphy.com/media/h4bwpkqnxgbaU/200_d.gif,400,300
enormous,http://media0.giphy.com/media/MEVXSGgMxStBS/200_d.gif,500,282
cities,http://media0.giphy.com/media/tKX6FNU9UGwF2/200_d.gif,500,322
greatly,http://media0.giphy.com/media/wArlLXfHHJlao/200_d.gif,400,267
population,http://media0.giphy.com/media/UZN6I5uOLaKVq/200_d.gif,550,409
compared,http://media0.giphy.com/media/i5INFForJf1za/200_d.gif,400,250
rural,http://media0.giphy.com/media/6rTBYKkPQzy2Q/200_d.gif,500,375
thus,http://media0.giphy.com/media/oPmyjzKxeaRQA/200_d.gif,486,324
rescued,http://media0.giphy.com/media/FmCYPnPv3JbzO/200_d.gif,320,267
considerable,http://media0.giphy.com/media/GPeX8MRWI4tVu/200_d.gif,400,267
idiocy,http://media0.giphy.com/media/garawLGg2dwME/200_d.gif,500,281
just,http://media0.giphy.com/media/SbHGSfUa9xMmA/200_d.gif,320,226
made,http://media0.giphy.com/media/bTPVNXv6DPR7y/200_d.gif,452,253
dependent,http://media0.giphy.com/media/1lhU8KAVwmVVu/200_d.gif,500,363
semi-barbarian,none,,
countries,http://media0.giphy.com/media/50sWQ4dz61Mcw/200_d.gif,320,180
peasants,http://media0.giphy.com/media/FSqvRkMjq08eY/200_d.gif,500,346
east,http://media0.giphy.com/media/bkzUFWM9w8roA/200_d.gif,500,281
west,http://media0.giphy.com/media/eViWFROZKHQlO/200_d.gif,245,135
keeps,http://media0.giphy.com/media/uU93O5WBZMHja/200_d.gif,360,203
doing,http://media0.giphy.com/media/7BB1UpQKNleM0/200_d.gif,487,274
scattered,http://media0.giphy.com/media/2xan7Y108UfjG/200_d.gif,400,224
agglomerated,none,,
centralized,none,,
concentrated,http://media0.giphy.com/media/l03tqHoHnRc7S/200_d.gif,310,176
few,http://media3.giphy.com/media/vFkPC4qY56G9a/200_d.gif,500,375
hands,http://media0.giphy.com/media/sGh6w5tfbrfcA/200_d.gif,310,171
necessary,http://media0.giphy.com/media/4zJ9ScFr5zYFa/200_d.gif,500,250
consequence,http://media0.giphy.com/media/L8dcVYz4nDAJi/200_d.gif,500,236
centralization,none,,
loosely,http://media0.giphy.com/media/13cEVeQl8wiJYk/200_d.gif,600,600
connected,http://media0.giphy.com/media/QNVEt4DZPLCU0/200_d.gif,500,375
provinces,http://media0.giphy.com/media/OxeH4BtsesiqI/200_d.gif,288,216
separate,http://media0.giphy.com/media/9w1ivNDiMhK7u/200_d.gif,245,185
interests,http://media0.giphy.com/media/RjCpTbTE3OkZa/200_d.gif,300,200
laws,http://media0.giphy.com/media/1u9OYndEN4D2U/200_d.gif,400,247
governments,http://media0.giphy.com/media/aXQKHdAs0ZxTi/200_d.gif,281,315
systems,http://media0.giphy.com/media/MbCB0VEQlA4bm/200_d.gif,284,205
taxation,none,,
became,http://media0.giphy.com/media/7i4RN6x7ay9Ne/200_d.gif,245,200
lumped,none,,
together,http://media0.giphy.com/media/e7X8SL4RtCV2w/200_d.gif,748,620
nation,http://media0.giphy.com/media/AVBY3H2LJjJRu/200_d.gif,245,245
government,http://media0.giphy.com/media/aXQKHdAs0ZxTi/200_d.gif,281,315
code,http://media0.giphy.com/media/HLCBFOERaZmaA/200_d.gif,600,337
interest,http://media0.giphy.com/media/9JnXTDvUCY9pe/200_d.gif,400,267
frontier,http://media0.giphy.com/media/DjGF1wDuO4FP2/200_d.gif,600,338
customs,http://media0.giphy.com/media/oovFDcnlwvR04/200_d.gif,640,360
tariff,none,,
during,http://media0.giphy.com/media/T7dwu83RMx6Ao/200_d.gif,640,360
scarce,http://media0.giphy.com/media/AFQASoGKbD2rS/200_d.gif,245,200
hundred,http://media0.giphy.com/media/i8Kw2XSCsCZhu/200_d.gif,640,360
years,http://media0.giphy.com/media/bFYapG2E5ts6Q/200_d.gif,550,500
massive,http://media1.giphy.com/media/Kgb4fIh40Tp2o/200_d.gif,480,360
colossal,http://media0.giphy.com/media/Z6qlDL4aDJxde/200_d.gif,400,300
productive,http://media0.giphy.com/media/UagxuGejNljlm/200_d.gif,500,278
preceding,none,,
generations,http://media0.giphy.com/media/AkJ2VhP84KvTy/200_d.gif,480,160
subjection,none,,
nature's,http://media0.giphy.com/media/myRO25N0NRToI/200_d.gif,352,142
application,http://media0.giphy.com/media/cTDDCuRyGFRV6/200_d.gif,320,180
chemistry,http://media0.giphy.com/media/h5rQZ5wjmKWJy/200_d.gif,500,281
agriculture,http://media0.giphy.com/media/cvSGu2TVvKgDK/200_d.gif,160,107
electric,http://media0.giphy.com/media/qmnXXV1dHC1GM/200_d.gif,464,251
telegraphs,http://media0.giphy.com/media/KGExX40IzIYQE/200_d.gif,245,245
clearing,http://media0.giphy.com/media/WkXTjAYa7b34A/200_d.gif,303,361
continents,http://media0.giphy.com/media/12hv9DgQmbvUd2/200_d.gif,400,320
cultivation,none,,
canalization,none,,
rivers,http://media0.giphy.com/media/S6bB56BcgZvzO/200_d.gif,281,500
populations,http://media2.giphy.com/media/5b7SKqc88Vwbu/200_d.gif,500,235
conjured,http://media0.giphy.com/media/wvBvjhkr2D5ss/200_d.gif,245,200
century,http://media0.giphy.com/media/JjwRxVsM6V1N6/200_d.gif,600,338
had,http://media0.giphy.com/media/1S4PCpb31BDYk/200_d.gif,260,146
presentiment,none,,
such,http://media0.giphy.com/media/k5hHF7x453tgQ/200_d.gif,245,186
slumbered,none,,
lap,http://media0.giphy.com/media/kGoiE8QJLki08/200_d.gif,320,180
then,http://media0.giphy.com/media/K8ubqSACAn7JS/200_d.gif,272,267
foundation,http://media0.giphy.com/media/qSyX5fW8nrw3K/200_d.gif,500,500
built,http://media0.giphy.com/media/eF66QmDwQIz7y/200_d.gif,320,240
generated,http://media0.giphy.com/media/4GSqdFKVMm9vG/200_d.gif,288,216
certain,http://media0.giphy.com/media/vK212ZaTlNK5G/200_d.gif,260,146
stage,http://media0.giphy.com/media/rPeu2qAjlFp84/200_d.gif,500,263
produced,http://media0.giphy.com/media/xwqlBkl40A6lO/200_d.gif,500,300
exchanged,http://media0.giphy.com/media/nv78JmGqiebbW/200_d.gif,500,345
organization,http://media0.giphy.com/media/1XyTnBacgnL68/200_d.gif,500,200
compatible,http://media0.giphy.com/media/26BBBU5wlWrAs/200_d.gif,500,281
many,http://media0.giphy.com/media/LHQ4u1IQhrKFy/200_d.gif,495,426
fetters,none,,
burst,http://media0.giphy.com/media/TRgxvzrI0Wek/200_d.gif,600,400
stepped,http://media0.giphy.com/media/ehGezNpLzQy8o/200_d.gif,480,270
competition,http://media0.giphy.com/media/Dw7Q8jaYPJaLK/200_d.gif,500,357
constitution,http://media0.giphy.com/media/fvgP4bUxrn2Ug/200_d.gif,390,433
adapted,http://media0.giphy.com/media/De0BU8UedTZ72/200_d.gif,160,160
economic,http://media0.giphy.com/media/10hcEU2XXkCwcE/200_d.gif,245,145
similar,http://media0.giphy.com/media/Oyu21gdCPN6UM/200_d.gif,303,170
movement,http://media0.giphy.com/media/12wRdeNaLYBzQA/200_d.gif,260,146
going,http://media0.giphy.com/media/10d7DRc0dBl4Na/200_d.gif,400,300
eyes,http://media0.giphy.com/media/146a6uKR6fM18s/200_d.gif,500,223
gigantic,http://media0.giphy.com/media/mQhmZJSBeDEKQ/200_d.gif,393,250
like,http://media0.giphy.com/media/322ZE30XzyQJa/200_d.gif,270,165
sorcerer,http://media0.giphy.com/media/gSThKUzhfsLvi/200_d.gif,500,337
who,http://media0.giphy.com/media/BOROsanXupCNi/200_d.gif,499,265
able,http://media0.giphy.com/media/Iwl4cMEjCPFZK/200_d.gif,500,195
control,http://media0.giphy.com/media/uswsTZiBp0sUg/200_d.gif,420,213
nether,http://media0.giphy.com/media/RwcrDIftYNjXi/200_d.gif,260,146
whom,http://media0.giphy.com/media/lfytaIftpQxXy/200_d.gif,365,248
he,http://media0.giphy.com/media/njYSXmpeZodC8/200_d.gif,200,200
called,http://media0.giphy.com/media/syiAzD6BU13O0/200_d.gif,300,169
spells,http://media0.giphy.com/media/fh3BMTuubWyGI/200_d.gif,250,141
decade,http://media0.giphy.com/media/DXGrIxA2JB3gI/200_d.gif,250,162
past,http://media0.giphy.com/media/gw7mwlkeXVgFG/200_d.gif,260,180
revolt,http://media0.giphy.com/media/JbT3uY8dRGhGM/200_d.gif,360,360
enough,http://media0.giphy.com/media/7Sj0CwFxpeyWI/200_d.gif,245,160
mention,http://media0.giphy.com/media/6cgs9ZPWPl1uM/200_d.gif,500,213
commercial,http://media0.giphy.com/media/lh3kMH318LPcA/200_d.gif,640,360
crises,http://media0.giphy.com/media/SBC7hH4Wgpt8A/200_d.gif,317,247
periodical,none,,
return,http://media0.giphy.com/media/B31jXCRkiwAaA/200_d.gif,240,235
trial,http://media0.giphy.com/media/5xRAB5r6nU3Is/200_d.gif,320,214
threateningly,none,,
previously,http://media0.giphy.com/media/KJ9ihb5jIzBe0/200_d.gif,500,226
periodically,http://media0.giphy.com/media/eFMll5hnvONNu/200_d.gif,220,222
breaks,http://media0.giphy.com/media/GrufFKXXBq3gQ/200_d.gif,300,250
epidemic,http://media0.giphy.com/media/Gl3HSCtrOSlyw/200_d.gif,320,220
would,http://media0.giphy.com/media/tTO9gkciSkQvK/200_d.gif,320,180
seemed,http://media0.giphy.com/media/5y7UAu3mhjwt2/200_d.gif,250,197
absurdity,http://media0.giphy.com/media/Sc0vGTHpfOa1q/200_d.gif,400,300
over-production,http://media0.giphy.com/media/RTYajoUG79SWQ/200_d.gif,470,500
suddenly,http://media0.giphy.com/media/13zPxCcUpJOFOw/200_d.gif,480,270
finds,http://media0.giphy.com/media/2kztKOCPJ0Xle/200_d.gif,205,154
momentary,http://media0.giphy.com/media/JxTiGsuaJWSwE/200_d.gif,500,258
barbarism,none,,
appears,http://media0.giphy.com/media/PaUSWT1tLdXmo/200_d.gif,399,245
if,http://media0.giphy.com/media/qhUBCzPWtYxPO/200_d.gif,480,256
famine,http://media0.giphy.com/media/BiUVGi8ZRlMxW/200_d.gif,262,262
war,http://media0.giphy.com/media/j1fO0yRwfGFXO/200_d.gif,499,378
devastation,http://media0.giphy.com/media/Klkfooc2xZlQI/200_d.gif,420,258
cut,http://media0.giphy.com/media/B74bhKjaVL4T6/200_d.gif,270,171
off,http://media0.giphy.com/media/4flDdnn6NOkfe/200_d.gif,308,256
supply,http://media0.giphy.com/media/QqvI58bqmkzC/200_d.gif,300,187
subsistence,none,,
seem,http://media0.giphy.com/media/BlLID3OGgeLsI/200_d.gif,320,240
why,http://media0.giphy.com/media/hugx6XhpJ5ONi/200_d.gif,245,195
because,http://media0.giphy.com/media/bJnz0Yxv4kROg/200_d.gif,360,205
too,http://media0.giphy.com/media/cvQfj3pRZ1Hig/200_d.gif,350,197
disposal,http://media0.giphy.com/media/EN8rD9iX9KYhO/200_d.gif,360,360
tend,http://media0.giphy.com/media/92qBQysSvcXKw/200_d.gif,281,350
further,http://media0.giphy.com/media/42mDAGCEl2ro4/200_d.gif,156,208
powerful,http://media0.giphy.com/media/VyhptFlDPSUA8/200_d.gif,500,281
fettered,none,,
soon,http://media3.giphy.com/media/z85AlA6CBKxEI/200_d.gif,650,450
overcome,http://media0.giphy.com/media/cJalWrPsPGoNy/200_d.gif,320,240
disorder,http://media0.giphy.com/media/lAjVS7xNdv2qQ/200_d.gif,245,120
endanger,none,,
narrow,http://media0.giphy.com/media/10He5F21Sagbde/200_d.gif,348,215
comprise,http://media0.giphy.com/media/NJLgTHt7fjAWI/200_d.gif,245,200
wealth,http://media0.giphy.com/media/M0jMQTTar8IRa/200_d.gif,320,180
does,http://media0.giphy.com/media/lcLWCgd2svGr6/200_d.gif,300,225
get,http://media0.giphy.com/media/W6ktqpP7vCfzG/200_d.gif,320,240
enforced,http://media0.giphy.com/media/13R6pNxYKy4WdO/200_d.gif,450,253
destruction,http://media0.giphy.com/media/54tLnYlFAUAMM/200_d.gif,500,213
mass,http://media0.giphy.com/media/49iHvLaP4280g/200_d.gif,123,268
conquest,http://media0.giphy.com/media/kXFsFymS9bDqw/200_d.gif,500,56
thorough,http://media0.giphy.com/media/6mzEBiiXwYDSg/200_d.gif,256,256
say,http://media0.giphy.com/media/RUBvOKUc5gbDi/200_d.gif,388,278
paving,http://media0.giphy.com/media/oUDcC0bXyRzUc/200_d.gif,250,225
extensive,http://media0.giphy.com/media/tZdOjX2zwXhoA/200_d.gif,203,195
destructive,http://media0.giphy.com/media/11j980aYBcZ7fa/200_d.gif,400,300
diminishing,none,,
whereby,http://media0.giphy.com/media/d9Hrq1x2t0aPK/200_d.gif,400,400
prevented,http://media0.giphy.com/media/xpKUZkbgGUBwc/200_d.gif,275,206
weapons,http://media0.giphy.com/media/Bg64aWxUuXuWQ/200_d.gif,400,226
felled,none,,
feudalism,none,,
turned,http://media0.giphy.com/media/KDqGE0yXc6Ivu/200_d.gif,500,456
forged,http://media0.giphy.com/media/FEDPQ2bf8kn3G/200_d.gif,270,177
men,http://media0.giphy.com/media/4XaNIiJ9CcBu8/200_d.gif,500,384
wield,http://media0.giphy.com/media/BBTL4mcp9e5gc/200_d.gif,250,250
those,http://media0.giphy.com/media/8jTZZ4kjIDRVS/200_d.gif,500,605
working,http://media0.giphy.com/media/11BbGyhVmk4iLS/200_d.gif,380,289
live,http://media0.giphy.com/media/VqdNYMetM9wNa/200_d.gif,211,166
increases,http://media0.giphy.com/media/6jihsfgvEZx9m/200_d.gif,500,214
sell,http://media0.giphy.com/media/vfj6u2q70d4Ig/200_d.gif,300,170
piecemeal,none,,
commodity,http://media2.giphy.com/media/lnPp8iKecXrNe/200_d.gif,500,194
article,http://media0.giphy.com/media/FTwLQE96YjXa0/200_d.gif,400,302
consequently,http://media0.giphy.com/media/LxOpxm3NF0heE/200_d.gif,245,245
exposed,http://media0.giphy.com/media/Mss31WXcMwL4c/200_d.gif,496,376
vicissitudes,http://media0.giphy.com/media/1melsBIKcK3kc/200_d.gif,500,226
fluctuations,http://media0.giphy.com/media/KWgL1MYIym4Ny/200_d.gif,1024,768
owing,http://media0.giphy.com/media/DbP40TPbpOFqM/200_d.gif,245,330
use,http://media0.giphy.com/media/iDE98jxNeOMuc/200_d.gif,500,300
lost,http://media0.giphy.com/media/k4idhbugFdqCY/200_d.gif,243,137
charm,http://media0.giphy.com/media/9LcUTyEwb8xgI/200_d.gif,450,202
workman,http://media0.giphy.com/media/12Vdk5afqzJUsg/200_d.gif,340,187
appendage,http://media0.giphy.com/media/NljYKzwvkHqgM/200_d.gif,320,180
machine,http://media0.giphy.com/media/CdvD7s1oLT1Hq/200_d.gif,389,205
simple,http://media0.giphy.com/media/RATnBzBwD1Jh6/200_d.gif,400,238
monotonous,http://media0.giphy.com/media/LJKqGcKIAMU1y/200_d.gif,500,221
easily,http://media0.giphy.com/media/6QGN1lgzJoTgk/200_d.gif,400,300
acquired,http://media0.giphy.com/media/S7hlLROdpxgIM/200_d.gif,450,800
knack,http://media3.giphy.com/media/4PtpRRupE7Jh6/200_d.gif,500,284
required,http://media0.giphy.com/media/nLt2xKYi1ghXy/200_d.gif,480,308
him,http://media0.giphy.com/media/w4Ad3h1PfnFjG/200_d.gif,500,279
hence,http://media0.giphy.com/media/eE36LM3a8zF6/200_d.gif,309,184
cost,http://media0.giphy.com/media/LBNqcPPxwalEI/200_d.gif,310,175
restricted,http://media0.giphy.com/media/YbGrs40KxDzXi/200_d.gif,500,288
entirely,http://media0.giphy.com/media/tboqDkypytFUQ/200_d.gif,499,392
requires,http://media0.giphy.com/media/tHqeGyylIb5HW/200_d.gif,500,265
maintenance,http://media0.giphy.com/media/d7Jgpfss3Hyj6/200_d.gif,320,213
propagation,http://media0.giphy.com/media/Z0dkPDo94HDpe/200_d.gif,500,500
race,http://media0.giphy.com/media/6ngw5lnUZuzhS/200_d.gif,600,400
price,http://media0.giphy.com/media/C5qs1Uv9GOybu/200_d.gif,320,240
equal,http://media0.giphy.com/media/tsFxIURoUespO/200_d.gif,500,259
repulsiveness,none,,
decreases,http://media0.giphy.com/media/9KnwigxJGJjEI/200_d.gif,500,221
burden,http://media0.giphy.com/media/TKoPqD0w9LqBa/200_d.gif,320,240
toil,http://media0.giphy.com/media/t3YUrp2v9elLa/200_d.gif,450,171
whether,http://media0.giphy.com/media/TlxyoAa5ByOFG/200_d.gif,245,138
prolongation,none,,
hours,http://media0.giphy.com/media/nMUUdopPoVBQY/200_d.gif,480,270
exacted,none,,
speed,http://media0.giphy.com/media/VFKCdekzhXVCg/200_d.gif,160,160
etc,http://media0.giphy.com/media/8de792M7HULhm/200_d.gif,330,330
little,http://media0.giphy.com/media/b7A4lSu6Zlyr6/200_d.gif,600,337
master,http://media0.giphy.com/media/pQLCN5IxLjBfi/200_d.gif,300,213
factory,http://media0.giphy.com/media/6QgyEUCbtYnYc/200_d.gif,218,164
capitalist,http://media0.giphy.com/media/Fpy3lKrLflaUw/200_d.gif,500,282
masses,http://media0.giphy.com/media/pZcnB7YJ5HhwA/200_d.gif,170,221
crowded,http://media0.giphy.com/media/116Nip6EHG72wM/200_d.gif,500,244
organized,http://media0.giphy.com/media/13sEYVYCsznV2E/200_d.gif,245,130
soldiers,http://media0.giphy.com/media/147vxIUfxdZGo/200_d.gif,250,169
privates,http://media0.giphy.com/media/Eh4V9v8lBNwAw/200_d.gif,245,140
army,http://media0.giphy.com/media/ikZaSfrRktfAk/200_d.gif,320,180
placed,http://media0.giphy.com/media/ank2kL4QdTCq4/200_d.gif,378,280
command,http://media0.giphy.com/media/BU2uWBp37Lr56/200_d.gif,600,450
perfect,http://media0.giphy.com/media/Pv4bWPpM1ZX8Y/200_d.gif,500,279
hierarchy,http://media0.giphy.com/media/GTciTR1DO7W5q/200_d.gif,465,433
officers,http://media0.giphy.com/media/vBbjZ50GQIRt6/200_d.gif,500,279
sergeants,http://media0.giphy.com/media/ZrotOSplDqzpC/200_d.gif,245,190
hourly,http://media0.giphy.com/media/HAb3UwAGMMDtu/200_d.gif,841,595
enslaved,http://media0.giphy.com/media/K1bCwSVTxPVGo/200_d.gif,500,284
overlooker,none,,
above,http://media0.giphy.com/media/HNOETrr4meit2/200_d.gif,500,302
manufacturer,http://media0.giphy.com/media/wfSDsPrh0OTiU/200_d.gif,690,200
himself,http://media0.giphy.com/media/HXI7ip6Gk7ZGo/200_d.gif,391,287
despotism,none,,
proclaims,http://media0.giphy.com/media/rejNbMYuemRUI/200_d.gif,245,161
gain,http://media0.giphy.com/media/v6Ci9ujRlfg7m/200_d.gif,245,275
aim,http://media0.giphy.com/media/Rm89UZhMrBRss/200_d.gif,427,240
petty,http://media0.giphy.com/media/bZEVO5HL43LrO/200_d.gif,270,198
hateful,http://media0.giphy.com/media/GiF2V20nNOkta/200_d.gif,500,272
embittering,none,,
less,http://media0.giphy.com/media/zKdxAKaB892EM/200_d.gif,245,270
skill,http://media0.giphy.com/media/N1VBK4uuxKtOg/200_d.gif,600,338
exertion,http://media0.giphy.com/media/t3YUrp2v9elLa/200_d.gif,450,171
strength,http://media0.giphy.com/media/VobPrym1GHpAY/200_d.gif,352,198
implied,http://media0.giphy.com/media/OoZq4aW93D3HO/200_d.gif,276,207
manual,http://media0.giphy.com/media/ISJ6H2u4Qc0h2/200_d.gif,360,202
words,http://media0.giphy.com/media/cUm6t7sB9dMOs/200_d.gif,591,336
superseded,none,,
women,http://media0.giphy.com/media/uQqjNseCFe2FG/200_d.gif,400,310
differences,http://media0.giphy.com/media/d3yvfxj8gNus8/200_d.gif,292,350
age,http://media0.giphy.com/media/DcVZFNmuQ3UIg/200_d.gif,490,203
sex,http://media3.giphy.com/media/YeK1JoH94NIRy/200_d.gif,499,281
any,http://media0.giphy.com/media/WmiYdWT1KxXeU/200_d.gif,500,375
distinctive,http://media0.giphy.com/media/dJnr3AVpdymUU/200_d.gif,500,314
validity,http://media0.giphy.com/media/11uSsSjcQXhYNa/200_d.gif,280,224
expensive,http://media0.giphy.com/media/ZXTcw8ygzV08E/200_d.gif,300,169
according,http://media3.giphy.com/media/e9FsMV7BVs7LO/200_d.gif,312,176
sooner,http://media0.giphy.com/media/I3dGUvaA9i5ig/200_d.gif,300,225
laborer,none,,
receives,http://media0.giphy.com/media/xxOU8JulQa4zC/200_d.gif,500,281
wages,http://media0.giphy.com/media/CUcC8TCG04wso/200_d.gif,250,141
cash,http://media0.giphy.com/media/nv78JmGqiebbW/200_d.gif,500,345
upon,http://media0.giphy.com/media/7c5FC9Np3an0A/200_d.gif,320,180
portion,http://media0.giphy.com/media/GnpEO3BZP0JJm/200_d.gif,308,350
landlord,http://media0.giphy.com/media/iNpWOiqUFsgU0/200_d.gif,443,300
shopkeeper,http://media2.giphy.com/media/lnPp8iKecXrNe/200_d.gif,500,194
pawnbroker,none,,
lower,http://media0.giphy.com/media/r9J3C0Uz3FrcA/200_d.gif,361,256
strata,http://media0.giphy.com/media/jHSFrayEbR1eg/200_d.gif,500,314
small,http://media0.giphy.com/media/g9sb4u0tDjSc8/200_d.gif,250,107
tradespeople,none,,
shopkeepers,http://media2.giphy.com/media/lnPp8iKecXrNe/200_d.gif,500,194
retired,http://media0.giphy.com/media/R9Naqcs1IyngQ/200_d.gif,470,230
tradesmen,none,,
handicraftsmen,none,,
sink,http://media0.giphy.com/media/XprLmomfsd2VO/200_d.gif,450,253
gradually,http://media0.giphy.com/media/Gmfv4cEhxCGaI/200_d.gif,250,200
partly,http://media0.giphy.com/media/kDFB5JLK4ABs4/200_d.gif,307,248
diminutive,none,,
suffice,http://media0.giphy.com/media/vMkdbTuJzLDlS/200_d.gif,300,201
scale,http://media0.giphy.com/media/Px6NSzvo9JIVq/200_d.gif,500,371
swamped,http://media0.giphy.com/media/SugCVmvsUxzrO/200_d.gif,400,225
capitalists,http://media0.giphy.com/media/Fpy3lKrLflaUw/200_d.gif,500,282
specialized,http://media0.giphy.com/media/xRRidiLkS3ey4/200_d.gif,500,730
rendered,http://media0.giphy.com/media/CCbPxFJkxa83C/200_d.gif,500,375
worthless,http://media0.giphy.com/media/gwA7VpSMFLe6Y/200_d.gif,485,285
methods,http://media0.giphy.com/media/F7ny7fRtT7SMM/200_d.gif,600,335
recruited,http://media2.giphy.com/media/ZVecl7HV5FwhW/200_d.gif,500,175
goes,http://media0.giphy.com/media/FB9fmfVJNVGgg/200_d.gif,632,352
stages,http://media0.giphy.com/media/rPeu2qAjlFp84/200_d.gif,500,263
birth,http://media0.giphy.com/media/yQIp2sC0BaVj2/200_d.gif,288,225
begins,http://media0.giphy.com/media/iPgIshaJfcTSw/200_d.gif,400,300
contest,http://media0.giphy.com/media/HwTYqyuPZqjLO/200_d.gif,500,500
operative,http://media0.giphy.com/media/Wou8tAysaJaeY/200_d.gif,500,214
locality,none,,
exploits,http://media0.giphy.com/media/6v6T0yHwU0yWI/200_d.gif,500,287
attacks,http://media0.giphy.com/media/vCiTZ7t2Z4BGg/200_d.gif,480,270
destroy,http://media0.giphy.com/media/lXfqPBLFJLsWc/200_d.gif,306,241
imported,http://media0.giphy.com/media/FYGgcAe062DaE/200_d.gif,245,183
wares,http://media0.giphy.com/media/HIQnLOGChYFuE/200_d.gif,289,227
compete,http://media0.giphy.com/media/VhPLtnwLEAnvy/200_d.gif,320,180
smash,http://media0.giphy.com/media/EP3zaclmDovyo/200_d.gif,501,245
pieces,http://media0.giphy.com/media/dHM5FouaB2rBu/200_d.gif,495,229
factories,http://media0.giphy.com/media/KaWKTJ43aAQr6/200_d.gif,300,169
ablaze,http://media0.giphy.com/media/7M6VuttHn1y6Y/200_d.gif,245,135
seek,http://media0.giphy.com/media/rcC2QryrkPmCI/200_d.gif,303,267
restore,http://media0.giphy.com/media/cuZa9dpQ2zD0s/200_d.gif,320,192
force,http://media0.giphy.com/media/g5P8NdUFOJrHi/200_d.gif,275,206
status,http://media0.giphy.com/media/YIuj8LyKCIURa/200_d.gif,370,247
still,http://media0.giphy.com/media/ccbmDvYK26sRa/200_d.gif,365,195
incoherent,http://media0.giphy.com/media/OcTmuC9US5OjC/200_d.gif,320,240
broken,http://media0.giphy.com/media/zFlVvkBN0DDz2/200_d.gif,500,281
mutual,http://media0.giphy.com/media/x0qbSN25E5oJ2/200_d.gif,500,500
anywhere,http://media2.giphy.com/media/zwCyWoNiknBbW/200_d.gif,500,500
unite,http://media0.giphy.com/media/XiL1WLYd7C0k8/200_d.gif,250,154
compact,http://media0.giphy.com/media/tE3YEy4MRDLBS/200_d.gif,265,174
bodies,http://media0.giphy.com/media/hMUJkDKmGMuli/200_d.gif,500,245
yet,http://media2.giphy.com/media/EQ5hZ4AP9D93G/200_d.gif,400,344
active,http://media0.giphy.com/media/w13kXC9Z4pXkA/200_d.gif,500,273
union,http://media0.giphy.com/media/RNrZLzKyylOVO/200_d.gif,500,542
order,http://media0.giphy.com/media/Zn30X8XAI0dQQ/200_d.gif,400,225
attain,http://media0.giphy.com/media/Wh0c9HoRRdqAo/200_d.gif,443,327
ends,http://media0.giphy.com/media/nSnmX5b4pKaB2/200_d.gif,500,271
motion,http://media0.giphy.com/media/IyNC3kjSzJIze/200_d.gif,500,258
moreover,http://media0.giphy.com/media/3wkhUDHE7sB2w/200_d.gif,500,200
do,http://media0.giphy.com/media/B91G9arcrMmhq/200_d.gif,279,200
enemies,http://media0.giphy.com/media/kBi6eeVUEw4xO/200_d.gif,480,204
remnants,http://media0.giphy.com/media/10PMWZ352ELcSQ/200_d.gif,426,240
landowners,none,,
non-industrial,none,,
historical,http://media0.giphy.com/media/qu6qIVKqyleDu/200_d.gif,250,177
victory,http://media0.giphy.com/media/x790itVk2bD9K/200_d.gif,266,200
obtained,http://media0.giphy.com/media/85e1lrKRMsMbm/200_d.gif,500,266
number,http://media0.giphy.com/media/RVJnSBJVYTAZ2/200_d.gif,500,350
greater,http://media0.giphy.com/media/gzJNFeqcRcqnm/200_d.gif,500,600
grows,http://media0.giphy.com/media/2TOPNSO7i8Fws/200_d.gif,500,281
feels,http://media0.giphy.com/media/JXvGUTXpKtxe/200_d.gif,489,249
within,http://media2.giphy.com/media/mfvgNgylq1DZC/200_d.gif,480,270
ranks,http://media0.giphy.com/media/yKvkOJUeTPOrm/200_d.gif,260,173
equalized,none,,
obliterates,http://media0.giphy.com/media/MCVDlZH5nPo0E/200_d.gif,500,353
distinctions,http://media2.giphy.com/media/lgYfDUsAcbaAU/200_d.gif,500,282
nearly,http://media0.giphy.com/media/x1avOBVVKgXcI/200_d.gif,320,240
reduces,http://media0.giphy.com/media/UjunraAnEYWGI/200_d.gif,430,454
low,http://media0.giphy.com/media/tlGaHryl85uIE/200_d.gif,320,180
level,http://media0.giphy.com/media/RXMTS7zA2UdUs/200_d.gif,300,225
among,http://media0.giphy.com/media/12GxI1Eqg7S6f6/200_d.gif,500,341
resulting,http://media0.giphy.com/media/D6mpG9gDrHF1C/200_d.gif,380,214
make,http://media0.giphy.com/media/am93qkx2YSuLm/200_d.gif,380,285
workers,http://media0.giphy.com/media/BzPnEA1de6rSM/200_d.gif,500,281
fluctuating,none,,
increasing,http://media0.giphy.com/media/14eDnIvqUsr5kI/200_d.gif,500,230
rapidly,http://media0.giphy.com/media/n8GJflw1f4I0w/200_d.gif,200,267
developing,http://media0.giphy.com/media/140j6QBj0p6NHO/200_d.gif,336,197
makes,http://media0.giphy.com/media/am93qkx2YSuLm/200_d.gif,380,285
livelihood,http://media0.giphy.com/media/t3YUrp2v9elLa/200_d.gif,450,171
precarious,http://media2.giphy.com/media/eu2AKbWvQfKXm/200_d.gif,245,125
collisions,http://media0.giphy.com/media/D3wm9aF7lkmeQ/200_d.gif,480,260
workmen,http://media0.giphy.com/media/QePhmZRPE7kgE/200_d.gif,400,225
take,http://media0.giphy.com/media/gqt0n9GWA6BaM/200_d.gif,845,673
begin,http://media0.giphy.com/media/cSkgJPHLi9ZMQ/200_d.gif,550,309
combinations,http://media0.giphy.com/media/3RDwD9mi7obTi/200_d.gif,426,227
(trade,http://media1.giphy.com/media/XJ2XEPmYNHEWs/200_d.gif,500,212
unions),http://media0.giphy.com/media/RNrZLzKyylOVO/200_d.gif,500,542
club,http://media0.giphy.com/media/6q0rtAsWup6RW/200_d.gif,569,320
keep,http://media0.giphy.com/media/uU93O5WBZMHja/200_d.gif,360,203
rate,http://media3.giphy.com/media/jZAmRJOd7s8Ja/200_d.gif,320,179
permanent,http://media0.giphy.com/media/UUExqcZ3u80De/200_d.gif,499,281
associations,http://media0.giphy.com/media/RbAmK0G8BoGOI/200_d.gif,400,270
provision,http://media0.giphy.com/media/duYB5Ilv9h5v2/200_d.gif,400,400
beforehand,http://media0.giphy.com/media/xwarx3z8e4bjW/200_d.gif,250,250
occasional,http://media0.giphy.com/media/P2wxORPoQzSIo/200_d.gif,523,457
revolts,http://media0.giphy.com/media/JbT3uY8dRGhGM/200_d.gif,360,360
riots,http://media0.giphy.com/media/eowiwGuOiQNiw/200_d.gif,388,213
victorious,http://media0.giphy.com/media/t4uEQchkH8cDK/200_d.gif,500,135
fruit,http://media0.giphy.com/media/gR8TKykkKuihG/200_d.gif,245,290
battles,http://media3.giphy.com/media/dDQVoYXxw6edO/200_d.gif,480,270
lie,http://media0.giphy.com/media/scOrvsszgKA12/200_d.gif,350,188
immediate,http://media0.giphy.com/media/9mfCOURaCaf2U/200_d.gif,500,145
helped,http://media0.giphy.com/media/dmxd5wyl6e6ti/200_d.gif,240,219
improved,http://media0.giphy.com/media/nFNe2L0JrY0uc/200_d.gif,500,325
localities,none,,
contact,http://media0.giphy.com/media/JZhlb9M3SyWQg/200_d.gif,500,209
needed,http://media0.giphy.com/media/zTzVwYEtqNBsI/200_d.gif,500,281
centralize,none,,
miserable,http://media0.giphy.com/media/hWnIPmTTcAaKQ/200_d.gif,245,155
highways,http://media0.giphy.com/media/UHWPo4k6znRD2/200_d.gif,245,200
centuries,http://media0.giphy.com/media/FtEye0VYmRPbi/200_d.gif,549,168
proletarian,none,,
thanks,http://media0.giphy.com/media/opfF5TLS75Oms/200_d.gif,400,228
achieve,http://media0.giphy.com/media/lBeuoYPptpDYQ/200_d.gif,250,188
continually,http://media0.giphy.com/media/iP2979ShO80SI/200_d.gif,500,300
upset,http://media2.giphy.com/media/K0gEpY3SbTyz6/200_d.gif,412,286
rises,http://media0.giphy.com/media/Zt35SkXevwvaE/200_d.gif,350,495
stronger,http://media0.giphy.com/media/KBpcA2sYvkP9S/200_d.gif,500,269
firmer,none,,
mightier,http://media0.giphy.com/media/k4AY7qbiHB8k0/200_d.gif,320,240
legislative,none,,
recognition,http://media0.giphy.com/media/L3jN8FJybcf84/200_d.gif,324,186
particular,http://media0.giphy.com/media/j7qf4pD2jmD3G/200_d.gif,500,281
taking,http://media0.giphy.com/media/93mF0i334OXgA/200_d.gif,320,180
advantage,http://media0.giphy.com/media/FYzHosTxddQ8U/200_d.gif,320,240
divisions,http://media0.giphy.com/media/VHIgsjsNp8r7O/200_d.gif,305,500
ten-hours,http://media0.giphy.com/media/MCUE9sgw5TV6g/200_d.gif,500,374
bill,http://media0.giphy.com/media/CTLgE2dALpyr6/200_d.gif,500,270
england,http://media0.giphy.com/media/QLcMKbYYe7T2/200_d.gif,500,411
altogether,http://media0.giphy.com/media/3FxfJm6wib56M/200_d.gif,500,300
ways,http://media0.giphy.com/media/IdEDKwA2vjtD2/200_d.gif,400,179
involved,http://media0.giphy.com/media/1BkzOtrmrqGB2/200_d.gif,160,120
battle,http://media3.giphy.com/media/dDQVoYXxw6edO/200_d.gif,480,270
aristocracy,none,,
later,http://media0.giphy.com/media/10QbzBy3KKAw36/200_d.gif,500,213
portions,http://media0.giphy.com/media/GnpEO3BZP0JJm/200_d.gif,308,350
antagonistic,http://media1.giphy.com/media/ZYNSjd8MQ9QA0/200_d.gif,245,245
progress,http://media0.giphy.com/media/LPmX4aZn2AbXG/200_d.gif,375,500
foreign,http://media0.giphy.com/media/Pv7m72WHOaDHa/200_d.gif,500,210
sees,http://media0.giphy.com/media/BlKWC3mwKmuuk/200_d.gif,480,270
appeal,http://media0.giphy.com/media/zvwJpEccU1pni/200_d.gif,320,240
ask,http://media0.giphy.com/media/IUgbJFHUxGpLW/200_d.gif,270,180
help,http://media0.giphy.com/media/Mzeny7G8pCmCk/200_d.gif,160,160
drag,http://media0.giphy.com/media/UdCAHBbVFN9Qs/200_d.gif,350,197
arena,http://media0.giphy.com/media/3few20uvO43GE/200_d.gif,500,379
supplies,http://media0.giphy.com/media/QqvI58bqmkzC/200_d.gif,300,187
education,http://media0.giphy.com/media/4D8Ftee8yOOha/200_d.gif,400,225
furnishes,none,,
fighting,http://media0.giphy.com/media/Sl1lKFZEI4xgY/200_d.gif,500,251
seen,http://media0.giphy.com/media/LWeUOO6Eq8gAE/200_d.gif,432,324
sections,http://media0.giphy.com/media/AUjGFkjHPlYK4/200_d.gif,275,210
ruling,http://media0.giphy.com/media/ir7K9QG28HrBS/200_d.gif,600,319
precipitated,none,,
least,http://media0.giphy.com/media/Y5aProuoCGzVm/200_d.gif,363,211
threatened,http://media0.giphy.com/media/5cvB3L889tChy/200_d.gif,500,281
enlightenment,http://media3.giphy.com/media/106Fxp6XrOJ8fC/200_d.gif,240,184
finally,http://media0.giphy.com/media/JVdpff0ij5syc/200_d.gif,500,213
times,http://media0.giphy.com/media/VMFvRGcz9C87K/200_d.gif,800,329
when,http://media0.giphy.com/media/6QefBgqm7NbWw/200_d.gif,320,180
nears,http://media0.giphy.com/media/4wIEmKjTs7AgE/200_d.gif,650,427
decisive,http://media0.giphy.com/media/77ygbmjZqmItW/200_d.gif,245,160
hour,http://media0.giphy.com/media/Witx991Du1ico/200_d.gif,269,185
dissolution,http://media0.giphy.com/media/RZBQCVB8TCRWw/200_d.gif,472,361
range,http://media0.giphy.com/media/jHaqkqHn9EsTe/200_d.gif,500,265
assumes,http://media0.giphy.com/media/4wAqSS68oZdYI/200_d.gif,360,360
violent,http://media0.giphy.com/media/iQb7chHfX7EPK/200_d.gif,300,270
glaring,http://media0.giphy.com/media/dAJEgjLiCOO9W/200_d.gif,156,139
section,http://media0.giphy.com/media/jC9VTWht0Ipm8/200_d.gif,463,266
cuts,http://media0.giphy.com/media/B74bhKjaVL4T6/200_d.gif,270,171
adrift,http://media0.giphy.com/media/hL8a3mIQK8Ehy/200_d.gif,650,352
joins,http://media0.giphy.com/media/i8aUJXq6Zdftm/200_d.gif,480,360
holds,http://media0.giphy.com/media/rw4VSQCwC3RCM/200_d.gif,398,225
future,http://media3.giphy.com/media/Qy5GkQn0UVu4o/200_d.gif,500,268
went,http://media0.giphy.com/media/iILSPvQZus9ck/200_d.gif,245,280
ideologists,none,,
raised,http://media0.giphy.com/media/11oI7iiiAgbbWw/200_d.gif,500,197
comprehending,none,,
theoretically,http://media0.giphy.com/media/md1prB1d2jMDC/200_d.gif,400,285
stand,http://media0.giphy.com/media/8ZR30Cp6J1DgY/200_d.gif,499,295
today,http://media0.giphy.com/media/tg7jyv6AWSnSw/200_d.gif,300,168
alone,http://media0.giphy.com/media/MmFVEhDzF0UUw/200_d.gif,358,146
genuinely,http://media3.giphy.com/media/Wv3xvyT9GNK2k/200_d.gif,160,250
decay,http://media0.giphy.com/media/BLLdMy8VXF6Q8/200_d.gif,320,180
disappear,http://media0.giphy.com/media/uyRrZSvQcXnDa/200_d.gif,400,237
special,http://media0.giphy.com/media/iP8NvwEddspdC/200_d.gif,454,296
essential,http://media0.giphy.com/media/CtqEJpI5zCQCs/200_d.gif,594,221
artisan,http://media0.giphy.com/media/me3sj1PofyZVu/200_d.gif,500,500
peasant,http://media0.giphy.com/media/FSqvRkMjq08eY/200_d.gif,500,346
save,http://media0.giphy.com/media/jduCmcWJlgCMo/200_d.gif,320,180
fractions,http://media0.giphy.com/media/Gskc9roC0K3Uk/200_d.gif,300,163
conservative,http://media3.giphy.com/media/HKcjlg9IToE3S/200_d.gif,370,584
nay,http://media0.giphy.com/media/ZmRGBMbYNiMHm/200_d.gif,400,329
try,http://media0.giphy.com/media/KafhKMPYom2oo/200_d.gif,480,270
roll,http://media0.giphy.com/media/WakEfEja6b81q/200_d.gif,500,281
wheel,http://media0.giphy.com/media/FiTPSZpvbHceQ/200_d.gif,400,220
chance,http://media0.giphy.com/media/lfrefZkCcGxq0/200_d.gif,320,180
view,http://media0.giphy.com/media/ctozGeM1XZCw0/200_d.gif,250,141
impending,http://media0.giphy.com/media/kH3o9VGBZfQyY/200_d.gif,300,168
transfer,http://media0.giphy.com/media/JpYj9gefuUj84/200_d.gif,360,203
defend,http://media0.giphy.com/media/zuM54PnEFGPE4/200_d.gif,433,344
present,http://media0.giphy.com/media/VQ9wyrv2J5YCQ/200_d.gif,200,150
desert,http://media0.giphy.com/media/5HPBnB7jDbaAE/200_d.gif,450,225
standpoint,http://media0.giphy.com/media/oSasdLTj3c4Ks/200_d.gif,215,340
"""dangerous",http://media0.giphy.com/media/GRxXTsCFyz8ac/200_d.gif,301,284
"class""",http://media0.giphy.com/media/o8KxrbAvNVW0M/200_d.gif,250,197
scum,http://media0.giphy.com/media/Mt3D2m2IfzqA8/200_d.gif,420,177
passively,none,,
rotting,http://media0.giphy.com/media/ZuugYvQHUtY5y/200_d.gif,257,240
thrown,http://media0.giphy.com/media/HwOJcKoAFtkY/200_d.gif,317,233
lowest,http://media0.giphy.com/media/jfppWEza8SYrS/200_d.gif,500,249
layers,http://media0.giphy.com/media/IYgMHLSLoWtvW/200_d.gif,600,496
may,http://media0.giphy.com/media/TLhaUEtyKNbLq/200_d.gif,500,258
revolution,http://media0.giphy.com/media/UDiYKr38WPXZ6/200_d.gif,500,278
prepare,http://media0.giphy.com/media/qyKabQsNV9iDu/200_d.gif,309,220
bribed,http://media0.giphy.com/media/YUwej6SRpWtwI/200_d.gif,640,360
tool,http://media0.giphy.com/media/FMtyrWaSwIauQ/200_d.gif,250,191
intrigue,http://media0.giphy.com/media/AEnLlzSidoSOY/200_d.gif,500,240
virtually,http://media0.giphy.com/media/3sgH2u6VizC48/200_d.gif,245,176
wife,http://media0.giphy.com/media/GoGgJcDOCvfVe/200_d.gif,320,214
children,http://media0.giphy.com/media/aqGIq8wtZDF9S/200_d.gif,468,240
anything,http://media0.giphy.com/media/2gFM7CtCNfzP2/200_d.gif,320,168
france,http://media0.giphy.com/media/Zw4yKKqNmYPug/200_d.gif,400,202
germany,http://media0.giphy.com/media/C32ismWGbvqYo/200_d.gif,640,360
trace,http://media0.giphy.com/media/5RJoChOVnpw4/200_d.gif,480,270
law,http://media0.giphy.com/media/1u9OYndEN4D2U/200_d.gif,400,247
morality,http://media0.giphy.com/media/rOTJP7dnmtvlm/200_d.gif,480,360
religion,http://media0.giphy.com/media/shTWiRAscNs1q/200_d.gif,270,232
behind,http://media0.giphy.com/media/YAyyBLw3fs8YE/200_d.gif,245,252
lurk,http://media0.giphy.com/media/UvxyW9OZ9pYVq/200_d.gif,260,177
ambush,http://media0.giphy.com/media/310ID5lIe1Dq0/200_d.gif,400,238
sought,http://media0.giphy.com/media/gLanDsLuUiaVq/200_d.gif,499,270
fortify,none,,
subjecting,none,,
appropriation,http://media0.giphy.com/media/3Ln0Ji5Vg7jIA/200_d.gif,500,334
masters,http://media0.giphy.com/media/pQLCN5IxLjBfi/200_d.gif,300,213
except,http://media0.giphy.com/media/aJNbRvelEs4F2/200_d.gif,500,358
abolishing,http://media0.giphy.com/media/14yPEzDwt8lhFm/200_d.gif,245,150
previous,http://media0.giphy.com/media/vvTNl8IHHGseI/200_d.gif,250,197
nothing,http://media0.giphy.com/media/C8PM9cAmZNqJG/200_d.gif,640,426
secure,http://media0.giphy.com/media/ODWiL9M48IHlu/200_d.gif,290,218
mission,http://media0.giphy.com/media/w9JiAklh1IRP2/200_d.gif,298,233
securities,http://media0.giphy.com/media/h5qHrlDmZcTSw/200_d.gif,460,288
insurances,http://media0.giphy.com/media/Gb2WCmocuVVDi/200_d.gif,165,337
movements,http://media0.giphy.com/media/12wRdeNaLYBzQA/200_d.gif,260,146
minorities,http://media0.giphy.com/media/XNbsCB0N8pD9u/200_d.gif,480,259
self-conscious,http://media3.giphy.com/media/Hw0XADPYqidoI/200_d.gif,640,480
majority,http://media0.giphy.com/media/dku1nGkgEPAqY/200_d.gif,500,213
stratum,none,,
stir,http://media0.giphy.com/media/2ff9rJcWZh2Tu/200_d.gif,500,375
raise,http://media0.giphy.com/media/TP0efSHjsL8WI/200_d.gif,400,260
superincumbent,none,,
official,http://media0.giphy.com/media/sL6057xgwS6fS/200_d.gif,495,323
sprung,http://media0.giphy.com/media/DoLv7lt6h9LTG/200_d.gif,370,232
though,http://media0.giphy.com/media/H6GcUynRxVvBC/200_d.gif,500,350
substance,http://media0.giphy.com/media/lI9BwmGjFtvIk/200_d.gif,500,451
matters,http://media0.giphy.com/media/10OjN0u1xvQcyA/200_d.gif,399,202
depicting,http://media0.giphy.com/media/vpa5UIlaT6LkI/200_d.gif,340,190
phases,http://media0.giphy.com/media/YcaUWWTdNHsMo/200_d.gif,640,642
traced,http://media0.giphy.com/media/UVHOn3gnwq7Bu/200_d.gif,300,147
civil,http://media0.giphy.com/media/73GnJEE4ud0cw/200_d.gif,160,155
raging,http://media0.giphy.com/media/8HtA4Z3Txnooo/200_d.gif,480,270
point,http://media0.giphy.com/media/LxWmCVuJmLbHy/200_d.gif,259,187
overthrow,http://media0.giphy.com/media/lIn5o6ldFmnxC/200_d.gif,360,360
lays,http://media0.giphy.com/media/Lgnz4f999dzvG/200_d.gif,320,180
based,http://media0.giphy.com/media/IZ2Bf5Pg0ZSIE/200_d.gif,460,345
antagonism,http://media0.giphy.com/media/MoeJR8ATmIUoM/200_d.gif,450,253
oppressing,http://media0.giphy.com/media/3Fct5moEft13W/200_d.gif,500,281
oppress,none,,
assured,http://media0.giphy.com/media/bhzxvzDMi1HsQ/200_d.gif,160,160
continue,http://media0.giphy.com/media/VK8YO84X2U480/200_d.gif,385,214
slavish,none,,
serfdom,none,,
membership,none,,
yoke,none,,
absolutism,none,,
managed,http://media0.giphy.com/media/NRNT8nZuAPHYA/200_d.gif,500,211
develop,http://media0.giphy.com/media/ht3WLPGGo91Fm/200_d.gif,500,487
instead,http://media0.giphy.com/media/OY7AeiyDE76oM/200_d.gif,500,375
process,http://media0.giphy.com/media/fa1EB2EouM4iQ/200_d.gif,1280,720
sinks,http://media0.giphy.com/media/XprLmomfsd2VO/200_d.gif,450,253
deeper,http://media0.giphy.com/media/zU2Bfogy89nb2/200_d.gif,800,800
below,http://media0.giphy.com/media/ctozGeM1XZCw0/200_d.gif,250,141
pauper,http://media0.giphy.com/media/11yFKXIG55sA4E/200_d.gif,1035,706
pauperism,none,,
develops,http://media0.giphy.com/media/ht3WLPGGo91Fm/200_d.gif,500,487
evident,http://media0.giphy.com/media/GHUwY93ZBEkVO/200_d.gif,500,300
unfit,http://media0.giphy.com/media/2qYhoOJkH9Op2/200_d.gif,886,1280
impose,http://media0.giphy.com/media/cQ16skYXC5Dva/200_d.gif,434,434
overriding,none,,
incompetent,http://media0.giphy.com/media/rbRBFMvI8vgFa/200_d.gif,800,730
assure,http://media3.giphy.com/media/NKkqOTFm75tdu/200_d.gif,245,130
slavery,http://media0.giphy.com/media/jtakWM0WRXOgw/200_d.gif,500,281
letting,http://media0.giphy.com/media/10vyBQJj2V9biM/200_d.gif,500,281
feed,http://media0.giphy.com/media/duYB5Ilv9h5v2/200_d.gif,400,400
fed,http://media0.giphy.com/media/OQZWg9e0UieEE/200_d.gif,300,188
formation,http://media0.giphy.com/media/v1lPO6HyjEYeY/200_d.gif,156,144
augmentation,http://media0.giphy.com/media/EOoYEbmBrilpu/200_d.gif,500,225
rests,http://media0.giphy.com/media/kJ4XqN0YhgEIE/200_d.gif,360,237
exclusively,http://media2.giphy.com/media/pTmeZq8Yn9xV6/200_d.gif,324,296
involuntary,http://media0.giphy.com/media/QSR7ozLl8RtBu/200_d.gif,360,360
promoter,http://media0.giphy.com/media/edOqbJu1Beww/200_d.gif,392,202
replaces,http://media0.giphy.com/media/5L5eRJT0xNUuk/200_d.gif,285,125
isolation,http://media0.giphy.com/media/10ZukPQCtSka0U/200_d.gif,245,125
due,http://media0.giphy.com/media/Ix43carbKlPYk/200_d.gif,483,220
combination,http://media0.giphy.com/media/3RDwD9mi7obTi/200_d.gif,426,227
very,http://media0.giphy.com/media/vbQKgcUSf7I1q/200_d.gif,500,281
produces,http://media0.giphy.com/media/qTKXclexpRV9C/200_d.gif,300,225
appropriates,http://media0.giphy.com/media/UB2GxvYsswbBu/200_d.gif,200,179
grave-diggers,http://media0.giphy.com/media/wAS4xw6GB7jqg/200_d.gif,310,174
fall,http://media0.giphy.com/media/13dPYZgjedO0Io/200_d.gif,314,177
equally,http://media0.giphy.com/media/AuMs6Az9AOw4U/200_d.gif,245,231
inevitable,http://media0.giphy.com/media/JvcYjJ2ZEjnGM/200_d.gif,314,209
footnotes,none,,
meant,http://media1.giphy.com/media/9E3uoNnM2S8xO/200_d.gif,300,300
owners,http://media0.giphy.com/media/tErTsby0vrgje/200_d.gif,500,210
employers,http://media0.giphy.com/media/pj8ifKl0jExu8/200_d.gif,234,156
having,http://media0.giphy.com/media/RXKdrmd8U4W64/200_d.gif,250,195
selling,http://media0.giphy.com/media/eE70fEkkvabE4/200_d.gif,266,400
[note,http://media0.giphy.com/media/SDUtXfMpZq3eM/200_d.gif,260,195
engels,http://media2.giphy.com/media/SouT28Ay62JC8/200_d.gif,500,631
1888,http://media0.giphy.com/media/LMeVjYYdUkOoE/200_d.gif,500,375
edition],http://media0.giphy.com/media/rFUYsD8yLbmfK/200_d.gif,480,360
_written_,http://media3.giphy.com/media/12Q9WxwoqLrOGQ/200_d.gif,260,173
1847,http://media0.giphy.com/media/NmFVvKJEHPQk0/200_d.gif,281,194
pre-history,http://media0.giphy.com/media/FduwiLTFkcTFS/200_d.gif,245,245
recorded,http://media0.giphy.com/media/8rjkwJjsr4CS4/200_d.gif,400,225
unknown,http://media0.giphy.com/media/G01C8D3FPUYTK/200_d.gif,422,571
august,http://media0.giphy.com/media/uysHTqjZ67REQ/200_d.gif,500,205
von,http://media0.giphy.com/media/11dMl3pGfjBX7W/200_d.gif,347,228
haxthausen,none,,
(1792-1866),none,,
discovered,http://media0.giphy.com/media/xHuC0I0DeFWCI/200_d.gif,600,733
ownership,http://media0.giphy.com/media/TZ0NYK8plkMjm/200_d.gif,320,180
russia,http://media0.giphy.com/media/S5OfzNuQzftyo/200_d.gif,450,266
georg,http://media0.giphy.com/media/PD9VfPuKCs2Kk/200_d.gif,256,288
ludwig,http://media0.giphy.com/media/E71koETKETL2/200_d.gif,476,200
maurer,http://media0.giphy.com/media/unTAuAb3THhu/200_d.gif,621,934
proved,http://media0.giphy.com/media/3G8X3bik5QRwY/200_d.gif,245,175
teutonic,http://media0.giphy.com/media/7lRHPWvlm6TEA/200_d.gif,500,538
races,http://media0.giphy.com/media/6ngw5lnUZuzhS/200_d.gif,600,400
started,http://media0.giphy.com/media/gitGu9yAxOZgI/200_d.gif,625,352
village,http://media0.giphy.com/media/angHCYmoPPNBK/200_d.gif,400,430
communities,http://media2.giphy.com/media/XzWWbSzits3Ly/200_d.gif,160,90
primitive,http://media1.giphy.com/media/f2b7xrXjTf74k/200_d.gif,394,280
india,http://media0.giphy.com/media/rAIW58pjOuUW4/200_d.gif,479,358
ireland,http://media0.giphy.com/media/sZZdw9OGsP4Fq/200_d.gif,280,158
inner,http://media0.giphy.com/media/lLuw42TtDAbi8/200_d.gif,560,696
laid,http://media0.giphy.com/media/lsqV01WwL5Gve/200_d.gif,260,146
bare,http://media0.giphy.com/media/qNMZxmWrFQAKY/200_d.gif,500,288
typical,http://media0.giphy.com/media/iHuJSbCYwHb2M/200_d.gif,500,380
lewis,http://media0.giphy.com/media/7nrGqKxjaWmwU/200_d.gif,260,173
henry,http://media0.giphy.com/media/Pm0rZlGfBCBxK/200_d.gif,300,400
morgan's,http://media0.giphy.com/media/GHeWoVatYBcwo/200_d.gif,500,281
(1818-1861),none,,
crowning,http://media0.giphy.com/media/R3GpPpbmhY6WI/200_d.gif,400,225
true,http://media0.giphy.com/media/lBNnGL7bTRgpa/200_d.gif,260,195
nature,http://media0.giphy.com/media/myRO25N0NRToI/200_d.gif,352,142
gens,http://media0.giphy.com/media/lmxWgF74ZTNyE/200_d.gif,400,440
tribe,http://media0.giphy.com/media/f5TYk4Uibbsis/200_d.gif,500,276
primeaval,none,,
differentiated,none,,
attempted,http://media0.giphy.com/media/8lvxzT5r8T8ju/200_d.gif,245,140
retrace,http://media0.giphy.com/media/ZnQWRyzuY9XYk/200_d.gif,500,367
_der,http://media0.giphy.com/media/GY4LyoYvCKJ9e/200_d.gif,313,180
ursprung,none,,
der,http://media0.giphy.com/media/GY4LyoYvCKJ9e/200_d.gif,313,180
familie,http://media0.giphy.com/media/CNCZO3VqVCdsA/200_d.gif,440,319
des,http://media0.giphy.com/media/r7xDvvjkpU0Pm/200_d.gif,320,180
privateigenthumus,none,,
und,http://media0.giphy.com/media/ik6VIJnxt8Ejm/200_d.gif,427,240
staats_,none,,
second,http://media0.giphy.com/media/iHks0I9e2D9Ha/200_d.gif,425,233
edition,http://media0.giphy.com/media/rFUYsD8yLbmfK/200_d.gif,480,360
stuttgart,http://media0.giphy.com/media/wn1oOZ1gIGONG/200_d.gif,400,225
